Name,description,timestamp,begin,end,altitudeMode,tessellate,extrude,visibility,drawOrder,icon,description_1,type,htmlpopup,layerId,reg,lon,lat
Muehlestrasse-berm-1,"20-04-2021, survey area is green area between bounded by the sidewalk, fence and bridge.",,,,,-1,0,-1,,,,marker,,,,7.271013,47.1449650
eidochsweg-suze-2,"survey area between cemetery and forest edge, area where chain link fence forms boundary (about 40 meters)
17-04-2021
20-03-2021",,,,,-1,0,-1,,,,marker,"<div><div><span>Zeichnung &nbsp;</span>(eidochsweg
suze 2)</div><div>survey area between cemetery and forest edge, area where chain link fence forms boundary (about 40 meters)
17-04-2021
20-03-2021</div></div>",KML||https://public.geo.admin.ch/J8AsDWKnTgayCQFzjAHfzw,,7.270827,47.1477980
eidochsweg-suze-1,"survey area is flat area between cemetery and tree line, bounded by sidewalk and point where wall turns in.
17-04-2021
20-03-2021",,,,,-1,0,-1,,,,marker,"<div><div><span>Zeichnung &nbsp;</span>(eidochsweg
suze 1)</div><div>survey area is flat area between cemetery and tree line, bounded by sidewalk and point where wall turns in.
17-04-2021
20-03-2021</div></div>",KML||https://public.geo.admin.ch/J8AsDWKnTgayCQFzjAHfzw,,7.271219,47.1481420
schloesslifeld-suze-1,"survey area is between sidewalk, rocky area leading to beach and suze, extending about 15 meters to the right of the rocks.
17-04-2021",,,,,-1,0,-1,,,,marker,,,,7.271029,47.1499600
schloesslifeld-suze-5,"survey area is between concrete structure and suze, from bridge to end end of concrete area downstream
26-05-2021",,,,,-1,0,-1,,,,marker,,,,7.270897,47.1481980
schloesslifeld-suze-2,"survey area is between suze and path, extending the length of the right bunch of trees.
12-05-2021",,,,,-1,0,-1,,,,marker,,,,7.270963,47.1504630
schloesslifeld-suze-3,,,,,,-1,0,-1,,,,marker,,,,7.270799,47.1506760
Langholz-forest-1,"area to the left and and right of the road just before the newly planted treeline on left, until treeline on right.",,,,,-1,0,-1,,,,marker,,,,7.288654,47.1386250
langholz-forest-2,"survey area about 20 meters long on left side of road, extenidng about 2 meters deep, starting about 15 meters from main road",,,,,-1,0,-1,,,,marker,,,,7.289871,47.1382740
Laengholz-forest-7,survey area is between building and slope towards molasseweg,,,,,-1,0,-1,,,,marker,,,,7.272995,47.1397780
Laengholz-forest-8,survey area is,,,,,-1,0,-1,,,,marker,,,,7.272231,47.1398630
vorhoelzli-forest-2,"12-03-2021;(more), survey area along left side of path starting from forest edge, extending about 20 meters along path, about 5 meters into the forest area.",,,,,-1,0,-1,,,,marker,,,,7.290307,47.1425505
"vorhoelzli
forest 3","survey area is clearing behind zurich fitness trail station.
14-05-2021",,,,,-1,0,-1,,,,marker,,,,7.293576,47.1429040
"vorhoelzli
forest 4","survey area the right side of the path about 4 meters wide
14-05-2021",,,,,-1,0,-1,,,,marker,,,,7.291817,47.1430410
Vorhoelzli-forest-1,"survey area on right side of path, starting 3 meters before stream pool, extending about 6 meters to the left.
14-05-2021",,,,,-1,0,-1,,,,12-03-2021,,,,7.289599,47.1441910
Sonnenfeld-suze-1,"13-05-2021, 22-02-2021, surveyed from  hedgerow, the stairs into the reiver, and a bit further.
",,,,,-1,0,-1,,,,marker,,,,7.269900,47.1515390
parc-renfer-suze-1,"20-04-2021, 03-02-2021, 23-02-2021, surveyed area between building and stone stairs, between path and river
",,,,,-1,0,-1,,,,marker,,,,7.268612,47.1524660
buerenstrasse-suze-5,"survey area is from path to river edge, including exposed bank area.",,,,,-1,0,-1,,,,marker,,,,7.268903,47.1524840
Buerenstrasse-Suze-1,"survey area bounded by road, bridge, river on each side. surveyed river edge as possible from island.
12-05-2021
08-04-2021
06-02-2021 (to be entered)",,,,,-1,0,-1,,,,marker,,,,7.268119,47.1532760
Buerenstrasse-Suze-2,"survey area is the grass / tree area between the parking lot and the suze.
20-03-2021
22-02-2021",,,,,-1,0,-1,,,,marker,,,,7.268319,47.1532760
buerenstrasse-suze-4,"survey area is between trees, from path to beach area",,,,,-1,0,-1,,,,marker,,,,7.268542,47.1527490
buerenstrasse-suze-3,"survey area is entire ramp and gravel path between the walls and the river.
20-03-2021, 20-04-2021, 06-02-2021",,,,,-1,0,-1,,,,,,,,7.268375,47.1530290
"Fuchsenried
forest 1","survey area is entrance to forest path, about 1 meter on each side of path, about 2 meters into forest
08-05-2021",,,,,-1,0,-1,,,,24-02-2021,,,,7.264700,47.1546610
Schuessinsel-Suze-4,"surveyed the exposed beach bounded on one side by the wall and on three sides by the river. 40% of size visible on swisstopo due to high water level.
14-03-2021",,,,,-1,0,-1,,,,marker,,,,7.269258,47.1468330
Schuessinsel-Kanal-1,"survey area bounded by bridge, suze diversion, and wall.
14-04-2021
22-02-2021",,,,,-1,0,-1,,,,marker,,,,7.267986,47.1469520
Schuessinsel-Kanal-4,surveyed area between kanal and play area,,,,,-1,0,-1,,,,marker,,,,7.268880,47.1472500
Muehlestrasse-Suze-1,"survey area is between path, suze and and bridge, extending until edge of wall, about 30 meters.
17-04-2021",,,,,-1,0,-1,,,,marker,,,,7.269901,47.1473940
"Schuessinsel
Suze 3","Surveyed the top edge of the embankment and as far down as possible to see closely.
14-04-2021",,,,,-1,0,-1,,,,marker,,,,7.269336,47.1473560
Schuessinsel-area-1,"surveyed the larger of the two grassy mounds that contains two trees.
14-3-2021",,,,,-1,0,-1,,,,marker,,,,7.269176,47.1474950
eidochsweg-suze-3,"survey area bounded by wall on left, cemetery, treeline, and the start of the chain link fence ( about 25 meters from end of wall.
17-04-2021
20-03-2021",,,,,-1,0,-1,,,,marker,"<div><div><span>Zeichnung &nbsp;</span>(eidochsweg
suze 3)</div><div>survey area bounded by wall on left, cemetery, treeline, and the start of the chain link fence ( about 25 meters from end of wall.
17-04-2021
20-03-2021</div></div>",KML||https://public.geo.admin.ch/J8AsDWKnTgayCQFzjAHfzw,,7.270453,47.1475180
schloesslifeld-suze-4,"survey area is between sidewalk, raised area and suze, about 5 meters
20-04-2021
26-05-2021",,,,,-1,0,-1,,,,marker,,,,7.270588,47.1479790
Schuessinsel-Kanal-2,"survey area is the approximate triangle bounded by the path, the gravel area and the suze.
17-04-2020",,,,,-1,0,-1,,,,marker,,,,7.266907,47.1462760
schuessinsel-suze-10,"survey area from line perpendicular from bridge to final three planted trees, from path to river.",,,,,-1,0,-1,,,,marker,,,,7.267709,47.1462440
Schuessinsel-Kanal-3,"survey area is the approximate triangle between the hedgerow, the suze island canal, and the gravel area.
17-04-2021",,,,,-1,0,-1,,,,marker,,,,7.266365,47.1461430
Schuessinsel-suze-9,surveyed grassy area between the paths,,,,,-1,0,-1,,,,marker,,,,7.266441,47.1459090
Schuessinsel-Kanal-7,"survey area between path and kanal, from bridge to line extending from far edge of building across kanal",,,,,-1,0,-1,,,,marker,,,,7.265885,47.1457100
Schuessinsel-Suze-8,"surveyed between river and path, from 5 meters before path breaks off to about halfway to where path meets beach",,,,,-1,0,-1,,,,marker,,,,7.266810,47.1459750
schuessinsel-suze-7,"survey area is berm bounded by sidewalk, including lawn in front of small building. area extends about 30 meters from bridge, including to river.
19-04-2021
20-03-2021",,,,,-1,0,-1,,,,marker,,,,7.265846,47.1446470
schuessinsel-kanal-5,"01.03, surveyed from first big tree to final big tree, to river edge.",,,,,-1,0,-1,,,,marker,,,,7.267715,47.1465900
Fussweg-Suze-1,"survey area is between side walk and river, and between the two bridges.
13-04-2021
14-03-2021",,,,,-1,0,-1,,,,marker,,,,7.261473,47.1435110
schuessinsel-suze-5,"survey area is area between bridge, berm and river, including the bank of the river, small rocky face and grassy area. extending about 20 meters from bridge into berm
15-04-2021
20-03-2021",,,,,-1,0,-1,,,,marker,,,,7.262288,47.1436860
schuessinsel-suze-6,"survey about 10 meters around 2nd tree on gottstrasse, did not descend to beach area on 1st survey.
20-03-2021",,,,,-1,0,-1,,,,marker,,,,7.263650,47.1438560
scheussinsel-kanal-6,"surveyed area between path, chapel and suze",,,,,-1,0,-1,,,,marker,,,,7.263161,47.1441500
Schuessinsel-Suze-2,"surveyed area bounded by the river, the path, the line drawn from where the newly installed shrubbery ends, about 4 meters past bridge railing.
12-04-2021",,,,,-1,0,-1,,,,marker,,,,7.262812,47.1439690
Schuessinsel-Suze-1,"surveyed form where area widens to where it narrows, see photos for reference
12-04-2021",,,,,-1,0,-1,,,,marker,,,,7.262422,47.1439740
"Fuchsenried
Forest 2","survey area is junction between road and forest path and surrounding area. February survey is more expansive due to lack of flowers visible.
08-05-2021
24-02-2021",,,,,-1,0,-1,,,,,,,,7.264407,47.1560466
"Fuchsenried
Forest 3",survey area is final ten meters of forest road until the fence/gate. surveyed both sides of path.,,,,,-1,0,-1,,,,marker,,,,7.264434,47.1572230
Holunderweg-Madretschkanal-2,"survey area starts from end of area 1 and continues until concrete obstruction of berm/trees, about 35 meters
16-04-2021
14-03-2021
09-02-2021",,,,,-1,0,-1,,,,,,,,7.256533,47.1407350
Holunderweg-Madretschkanal-1,"survey area is madretschkanal berm between bridge and extending 30 meters out.
13-05-2021
16-04-2021
14-03-2021
09-02-2021
",,,,,-1,0,-1,,,,,,,,7.256594,47.1409900
Schleusenweg-suze-1,"survey area is from dam to first light post
15-04-2021",,,,,-1,0,-1,,,,marker,,,,7.256925,47.1418460
Schleusenweg-suze-3,"survey area is from lightpost to end of concrete path.
15-04-2021",,,,,-1,0,-1,,,,marker,,,,7.257512,47.1421110
Schleusenweg-suze-2,"survey area is between two lightposts
15-04-2021",,,,,-1,0,-1,,,,marker,,,,7.257214,47.1419810
fussweg-Suze-3,"12-04-2021
19-05-2021",,,,,-1,0,-1,,,,marker,,,,7.259900,47.1423960
fussweg-suze-4,"suveyed green area between sidewalk and fence starting from edge of building extending 10 meters.
12-04-2021",,,,,-1,0,-1,,,,marker,,,,7.259823,47.1424240
fussweg-Suze-2,"surveyed area between path and river and between where the berm totally ends and the small bridge.
12-05-2021
13-04-2021
14-03-2021",,,,,-1,0,-1,,,,marker,"<div><div><span>Zeichnung &nbsp;</span>(Suze fussweg
Suze 2)</div><div>surveyed area between path and river and between where the berm totally ends and the small bridge.
13-04-2021
14-03-2021</div></div>",KML||https://public.geo.admin.ch/J8AsDWKnTgayCQFzjAHfzw,,7.261276,47.1432680
Mattenstrasse-Area-1,"surveyed the small park area, bounded by a hedgerow and the roads. very large tree. lots of dirt/path. mahonia adquifolium not looing happy. hedge rows not identified (10.04)",,,,,-1,0,-1,,,,marker,,,,7.254478,47.1368060
Mattenstrasse-Berm-1,"surveyed wild area, had just been fully cut back a few days (a week?) prior.
10-04-2021
13-05-2021

relatively barren, lots of graasses",,,,,-1,0,-1,,,,marker,"<div><div><span>Zeichnung &nbsp;</span>(10-04
Mattenstrasse 
Berm 1)</div><div>surveyed wild area, had just been fully cut back a few days (a week?) prior.

relatively barren, lots of graasses</div></div>",KML||https://public.geo.admin.ch/56a59BHVTviHH1bu7uHxFg,,7.254698,47.1370950
Mattenstrasse-Berm-2,"cultivated area, grass mowed, some bulb plants, etc, 10-04
",,,,,-1,0,-1,,,,marker,,,,7.255104,47.1372710
Mattenstrasse-Berm-3,"non cultivated part of berm, surveyed until the final narrowing of the green area. 10-04
",,,,,-1,0,-1,,,,marker,,,,7.255296,47.1373780
mettstrasse-lot-1,"survey area is gravelly road and both sides of it, up to wall edge, and up to trashbags, slightly before trashbags.
25-05-2021",,,,,-1,0,-1,,,,marker,,,,7.262216,47.1386660
holunderweg-Madretschkanal-4,"survey area from fence to madretschkanal, bounded on sides by the lines extending from the 2 residential buildings across the fence.
12-05-2021
16-04-2021
20-03-2021",,,,,-1,0,-1,,,,marker,,,,7.255235,47.1399838
holunderweg-Madretschkanal-3,"survey area is from fence to river and from sidewalk to about 20 meters into area
13-05-2021
16-04-2021
20-03-2021",,,,,-1,0,-1,,,,marker,,,,7.256283,47.1402850
"Riedweg
forest 1","survey area is edge of forest and about 5 meters into forest behind barbecue area
26-03-2021",,,,,-1,0,-1,,,,marker,,,,7.269313,47.1331970
Laengholz-forest-6,,,,,,-1,0,-1,,,,marker,,,,7.277632,47.1338390
laengholz-Forest-15,survey area is the left and right side of buchenweg for about 20 meters starting with an exposed hill with lots of early flowering plants.,,,,,-1,0,-1,,,,marker,,,,7.262788,47.1256470
Laengholz-Forest-3,"survey area is about 4 meters wide by 8 meters long, bounded by paths.
08-03-2021",,,,,-1,0,-1,,,,marker,,,,7.268350,47.1269270
Bermenstrasse-Berm-2,"surveyed from underneat bridge to edge of house and shortly upwards from the ""path""",,,,,-1,0,-1,,,,marker,,,,7.259613,47.1274640
Bermenstrasse-Area-1,"survey area between fence and bermenstrasse
03-04-2021
03-05-2021",,,,,-1,0,-1,,,,marker,"<div><div><span>Zeichnung &nbsp;</span>(Bermenstrasse
Area 1)</div><div>survey area between fence and bermenstrasse
03-04-2021</div></div>",KML||https://public.geo.admin.ch/f6MfU8pdTEq-PfHgCqoWNA,,7.259515,47.1277330
Laengholz-forest-4,"survey area is exposed forest edge, about 8 meters long, 2 meters deep.",,,,,-1,0,-1,,,,marker,,,,7.267304,47.1279539
Laengholz-forest-5,"Galanthus nivalis
Large patch extended 4-5 meters in all directions of both galanthus nivalis and Corydalis solida in full flower with seemingly more of each (especially CS) to come, Very large patch of Crocus vernus flowering next to a small goat farm. The goats had been let loose some days ago and torn up the Crocus, but new flowers back alread",,,,,-1,0,-1,,,,marker,,,,7.267075,47.1331305
"Pfeidli
Forest 2",survey area is along the path at the entrance to the remaining forest,,,,,-1,0,-1,,,,marker,,,,7.273668,47.1218013
Pfeidli-forest-4,"17-03, 16-05, survey area is clearing around path into forest and just into forest area, about 10 square meters",,,,,-1,0,-1,,,,marker,,,,7.269773,47.1216120
Pfeidli-forest-1,"survey area is the newly cleared forest and the trees to the left, adjascent to pfeidwaldstrasse, 16-05-2021, 17-03-2021",,,,,-1,0,-1,,,,marker,,,,7.270182,47.1219723
"Pfeidli
Forest 3","survey area is entrance to forest, about 2 meters in on each side of the path, about 2 meters from the path in each direction.
16-05-2021",,,,,-1,0,-1,,,,marker,,,,7.272236,47.1237810
bielstrasse-berm-3,"survey area is left side of road, from speed sign to bike path underneath road/highway",,,,,-1,0,-1,,,,marker,,,,7.262669,47.1247205
Bielstrasse-berm-4,"survey area is green patch between left branch of path and fenced off/gravel area.
23-05-2021",,,,,-1,0,-1,,,,marker,,,,7.262354,47.1250630
bielstrasse-berm-2,"survey area is green area between sidewalk and cemetery
22-05-2021",,,,,-1,0,-1,,,,marker,,,,7.261725,47.1253930
"Lokomotivdepot
area 3",A very nice pine tree was cut down between Mar 2020 and 04.04.2021 and an interesting little pine biotope destroyed,,,,,-1,0,-1,,,,marker,,,,7.257971,47.1297300
bermenstrasse-area-2,"survey area between ttree/shrub line and edge of road,
03-05-2021",,,,,-1,0,-1,,,,marker,,,,7.258793,47.1305200
Bermenstrasse-Berm-5,"surveyed between bridge and end of row of five trees, wandered from top to bottom.",,,,,-1,0,-1,,,,marker,,,,7.258573,47.1313740
bermenstrasse-berm-4,survey area between small conifer and 5 meters before rock circle on map.,,,,,-1,0,-1,,,,marker,,,,7.258610,47.1305230
"Lindenweg
area 1","survey area between road and train sound barrier.
04-04-2021",,,,,-1,0,-1,,,,marker,"<div><div><span>Zeichnung &nbsp;</span>(04-04
Lindenweg)</div><div></div></div>",KML||https://public.geo.admin.ch/56a59BHVTviHH1bu7uHxFg,,7.258339,47.1329590
Blumenrain-Berm-1,"surveyed the entire berm area between until the road curves away.
05-04-2021",,,,,-1,0,-1,,,,marker,,,,7.257568,47.1330452
Blumenrain-Box-1,"05-04, 03-07
",,,,,-1,0,-1,,,,marker,,,,7.257084,47.1327100
Rebenweg-Area-1,"survey area between bermenstrasse and rebenweg until building.
04-04-2021
03-05-2021
03-07-2021",,,,,-1,0,-1,,,,,,,,7.258784,47.1316430
"Portplatz
Box 1","survey area is the center of the roundabout.
05-04-2021
19-05-2021",,,,,-1,0,-1,,,,marker,,,,7.258257,47.1274800
Brueggstrasse-berm-2,"surveyed area from tree/shrub line until 4th municipal tree
04-04-2021
19-05-2021
Survey area: extended from the treeline to the Forsythia x intermedia, just after the start of the second property, and between the highway and the fence.
Survey area is very steep, facing away from the sun.
Corydalus cava made up signficant part of ground cover with many flowers some turning to seeds at this point.
Cardamine pratensis scattered throughout the survey area, low coverage, but looks likely to increase signficantly.",,,,,-1,0,-1,,,,marker,,,,7.258689,47.1276467
Brueggstrasse-Box-1,03-04-2021,,,,,-1,0,-1,,,,marker,,,,7.257402,47.1281120
Bermenstrasse-Berm-1,"surveyed area immediately around path, in flat ground at bottom, avoided stepping on delicate terrain, plants largely visible.
22-05-2021",,,,,-1,0,-1,,,,marker,"<div><div><span>Zeichnung &nbsp;</span>(Bermenstrasse
Berm 1)</div><div>surveyed area immediately around path, in flat ground at bottom, avoided stepping on delicate terrain, plants largely visible.</div></div>",KML||https://public.geo.admin.ch/Kyc8bpb7S3qy_BBTHcBgzQ,,7.259475,47.1276700
Brueggstrasse-Box-2,03-04-2021,,,,,-1,0,-1,,,,marker,,,,7.256646,47.1285620
Bermenstrasse-Berm-3,Surveyed berm opposite the plots of land between the two streets.,,,,,-1,0,-1,,,,marker,,,,7.258558,47.1294560
"Portstrasse
Area 2","survey area between sidewalk and fence, bounded by sidewalk to the same first tree in area 1
03-05-2021",,,,,-1,0,-1,,,,marker,,,,7.258738,47.1269730
erlacherweg-park-5,22-05-20221,,,,,-1,0,-1,,,,marker,,,,7.258605,47.1250050
Mooswaeldli-Area-2,"survey area between trees and sidewalk, on left side of path leading out of forest, extending left about 3 meters.
25-03-2021",,,,,-1,0,-1,,,,marker,,,,7.258955,47.1228100
Mooswaeldi-area-1,"10 meters from end of slop toward biel, between bike path and highway
25-03-2021
22-05-2021",,,,,-1,0,-1,,,,marker,,,,7.258957,47.1229880
"Portplatz
Box 3","survey area is between moosweg and portstrasse until shed/stairs.
05-04-2021",,,,,-1,0,-1,,,,marker,,,,7.258658,47.1272980
"Portstrasse
Area 1","survey area between road and sidewalk, bounded by shrub, down to first tree.
03-05-2021",,,,,-1,0,-1,,,,marker,,,,7.258643,47.1269540
"Portplatz
Box 2","survey area is this bit of grass and shrubbery planted in between the road.
05-04-2021
19-05-2021",,,,,-1,0,-1,,,,marker,,,,7.258452,47.1273560
Brueggstrasse-Area-1,05-04-2021,,,,,-1,0,-1,,,,marker,,,,7.255181,47.1295680
Lokomotivdepot-area-1,04-04-21,,,,,-1,0,-1,,,,marker,,,,7.256611,47.1300070
Lokomotivdepot-area-2,04-04-2021,,,,,-1,0,-1,,,,marker,,,,7.256326,47.1300960
Lokomotivdepot-berm-2,"26-03-2021
survey area includes about 5 meters of hedgerow and undergrowth on the right, about 5 meters on the left and about 5 meters into the train tracks.
26-03-2021",,,,,-1,0,-1,,,,marker,"<div><div><span>Zeichnung &nbsp;</span>(Lokomotivdepot
berm 2)</div><div>26-03-2021
survey area includes about 5 meters of hedgerow and undergrowth on the right, about 5 meters on the left and about 5 meters into the train tracks.
26-03-2021</div></div>",KML||https://public.geo.admin.ch/7erVQ2UGSKmRi0t2CVQHow,,7.254847,47.1301507
Lokomotivdepot-berm-1,"the entirety of the berm area on this side of the road
04-04-2021
23-05-2021",,,,,-1,0,-1,,,,marker,,,,7.254482,47.1302640
Blumenrain-Area-1,04-04-2021,,,,,-1,0,-1,,,,marker,,,,7.255978,47.1326630
"Madretschstrasse
Box 8","survey area is the 1st planted area by the bus stop.
05-04-2021",,,,,-1,0,-1,,,,marker,,,,7.254485,47.1338150
Alleestrasse-Area-1,,,,,,-1,0,-1,,,,marker,,,,7.254555,47.1341910
Erlacherweg-park-1,"shrubby area surrounded by concrete/gravel
12-04-2021",,,,,-1,0,-1,,,,marker,,,,7.255524,47.1283230
Brueggstrasse-Box-3,03-04-2021,,,,,-1,0,-1,,,,marker,,,,7.256441,47.1286730
Brueggstrasse-Box-4,03-04-2021,,,,,-1,0,-1,,,,marker,,,,7.256227,47.1288060
Erlacherweg-park-2,"shrubby area surrounded by concrete/gravel
11-04-2021",,,,,-1,0,-1,,,,marker,,,,7.255699,47.1283260
Reckweg-Zihlkanal-2,"Survey area is the first three beaches/berm after heidweg meets ruckweg
25-03-2021",,,,,-1,0,-1,,,,marker,,,,7.254764,47.1221510
Reckweg-Forest -1,"Survey area was clearing from the trees (pine trees in swisstopo map all cut done)
25-03-2021",,,,,-1,0,-1,,,,marker,,,,7.255343,47.1211760
"Reckweg
Zihlkanal 1","Survey area is bank of canal and roadside about 7 meters long 4 meters wide, see photos for clarifications
25-03-2021",,,,,-1,0,-1,,,,marker,,,,7.254522,47.1223900
Reckweg-Forest-2,"survey area is forest area between sidewalk, heidweg and fence, about 5 meters along path.
25-03-2021",,,,,-1,0,-1,,,,marker,,,,7.254833,47.1223130
Reckweg-Zihlkanal-3,,,,,,-1,0,-1,,,,marker,,,,7.254995,47.1217980
Erlacherweg-park-3,"survey is the shrubby area
11-04-2021
29-03-2021",,,,,-1,0,-1,,,,marker,,,,7.255268,47.1279210
Erlacherweg-park-4,"grassy, mowed area, includes areas under the trees
11-04-2021
29-03-2021",,,,,-1,0,-1,,,,marker,,,,7.255466,47.1280790
Schwanengasse-area-4,"09-04, 10-03
",,,,,-1,0,-1,,,,marker,,,,7.253221,47.1378100
Schwanengasse-Madretchkanal-1,"survey area bounded by bridge, sidewalk and river, extending about 45 meters from bridge.
10-04-2021
07-05-2021",,,,,-1,0,-1,,,,marker,,,,7.253195,47.1387112
holunderweg-madretschkanal-5,"survey area is the last bit of fence bounded by the fence on two sides, madretschkanal and extending about 20 meters out.
12-05-2021
16-04-2021
20-03-2021",,,,,-1,0,-1,,,,marker,,,,7.254166,47.1396610
Bahnweg-Area-2,"survey area is right side of path from the last building until the end of the road.
10-04-2021",,,,,-1,0,-1,,,,marker,,,,7.253308,47.1344130
Bahnweg-Madretschkanal-6,"Forest area after end of Bahnweg, bounded by Madretschkanal 5, the fence, and the Madretschkanal.
08-03-2021
06-04-2021
22-05-2021",,,,,-1,0,-1,,,,marker,,,,7.253022,47.1346070
Alleestrasse-Madretschkanal-4,"10.04.2021, survey area is little forest patch between roads and madretschkanal
",,,,,-1,0,-1,,,,marker,,,,7.253147,47.1356140
Alleestrasse-Madretschkanal-1,"survey area from bridge to bend in river, including the grass area sticking out adjascent to bridge.
04-04-2021
07-05-2021",,,,,-1,0,-1,,,,marker,,,,7.252838,47.1358740
Schwanengasse-Area-3,"survey area is hill and flat area extending about half meter out
09-04-2021
07-05-2021",,,,,-1,0,-1,,,,marker,,,,7.253021,47.1372000
Schwanengasse-area-1,"survea area is difficult to describe
09-04-2021
07-05-2021",,,,,-1,0,-1,,,,marker,,,,7.252997,47.1373626
Schwanengasse-area-2,"survey area is difficult to describe
09-04-2021
07-05-2021",,,,,-1,0,-1,,,,marker,,,,7.253340,47.1374060
"Madretschstrasse
Box 1","survey area is planted area (separate from tree line)
04-04-2021",,,,,-1,0,-1,,,,marker,,,,7.254065,47.1338940
"Madretschstrasse
Box 2","survey area is 1st planted area by bus stop
04-04-2021",,,,,-1,0,-1,,,,marker,,,,7.254190,47.1338180
Madretschstrasse-Box-6,"Survey area is planted area around tree.
04-04-2021",,,,,-1,0,-1,,,,marker,,,,7.253186,47.1328460
"Madretschstrasse
Box 3","survey area is 2nd planted area by bus stop
04-04-2021",,,,,-1,0,-1,,,,marker,,,,7.254333,47.1339630
Madretschstrasse-Box-5,"Survey area is planted area around tree.
04-04-2021",,,,,-1,0,-1,,,,marker,"<div><div><span>Zeichnung &nbsp;</span>(04-04
Madretschstrasse
Box 5)</div><div></div></div>",KML||https://public.geo.admin.ch/56a59BHVTviHH1bu7uHxFg,,7.253289,47.1328870
"Madretschstrasse
Box 4","Survey area is planted area around tree.
04-04-2021",,,,,-1,0,-1,,,,marker,,,,7.253369,47.1329330
"Madretschstrasse
Box 7","survey area is the 1st planted area by the bus stop.
05-04-2021",,,,,-1,0,-1,,,,marker,,,,7.254281,47.1336430
Bahnweg-Area-1,"Surveyed the right side of the sidewalk, bounded by the fence, the road, the parking lot on three sides. Survey length about 30 meters.
10-04-2021",,,,,-1,0,-1,,,,marker,,,,7.253882,47.1340650
Alleestrasse-Madretschkanal-2,"survey area from bend in river to concrete, between river and sidewalk.
04-04-2021
07-05-2021",,,,,-1,0,-1,,,,marker,,,,7.252639,47.1362340
Alleestrasse-Madretschkanal-3,"survey area between river, bridge and road.
04-04-2021
07-05-2021",,,,,-1,0,-1,,,,marker,,,,7.252592,47.1365170
"Silbergasse
Area 1","survey area is the less-mowed hills left in the mowed grass area.
12-04-2021",,,,,-1,0,-1,,,,marker,,,,7.251363,47.1366910
Salomegasse-Madretschkanal-1,,,,,,-1,0,-1,,,,marker,,,,7.252533,47.1371950
Salomegasse-Madretschkanal-2,,,,,,-1,0,-1,,,,marker,,,,7.252623,47.1374740
Schwanengasse-Madretschkanal-2,"survey area from first tree to third tree
10-04-2021
07-05-2021",,,,,-1,0,-1,,,,marker,,,,7.252777,47.1375340
Freiburgstrasse-Box-2,04-04-2021,,,,,-1,0,-1,,,,marker,,,,7.249888,47.1329060
Schneidergaessli-Area-1,"05-04-21, 27-06-21
",,,,,-1,0,-1,,,,marker,,,,7.249376,47.1330030
Bahnweg-madretschkanal-1,"survey area is wild grass area enclosed by the path, the mowed grass boundary.
08-03-2021
06-04-2021
22-05-2021
01-02-2021",,,,,-1,0,-1,,,,,,,,7.252029,47.1340170
Freiburgstrasse-Box-1,04-04-2021,,,,,-1,0,-1,,,,marker,,,,7.250279,47.1331210
Bahnweg-Madretschkanal-2,"survey area was entire forest area between river - path, path - fence
06-04-2021
08-03-2021
22-05-2021
01-02-2021",,,,,-1,0,-1,,,,,,,,7.251956,47.1340740
Bahnweg-Madretschkanal-4,"entire forest area between path and 5 meters after the bulge on this side of the river.
08-03-2021
06-04-2021
22-05-2021
01-02-2021
",,,,,-1,0,-1,,,,marker,,,,7.252238,47.1343030
Bahnweg-Madretschkanal-5,"forest area between end of Madretschkanal 4 and start of planted area at the end of Bahnweg.
08-03-2021
06-04-2021
22-05-2021
01-02-2021
",,,,,-1,0,-1,,,,,,,,7.252572,47.1344080
Bahnweg-Madretschkanal-3,"survey area is wild grass area enclosed by the path.
08-03-2021
06-04-2021
22-05-2021
01-02-2021
",,,,,-1,0,-1,,,,marker,,,,7.252452,47.1342790
Zukunftstrasse-Box-5,,,,,,-1,0,-1,,,,marker,,,,7.249260,47.1322560
Freiburgstrasse-Box-5,04-04-2021,,,,,-1,0,-1,,,,marker,,,,7.249157,47.1324670
Zukunftstrasse-Box-7,,,,,,-1,0,-1,,,,marker,,,,7.249042,47.1323530
Zukunftstrasse-Box-6,,,,,,-1,0,-1,,,,marker,,,,7.249165,47.1323410
Zukunftstrasse-Box-8,,,,,,-1,0,-1,,,,marker,,,,7.248824,47.1325410
Zentralastrasse-Madretschkanal-1,"09-04, 09-03, survey area from access point to first perpindicular road
",,,,,-1,0,-1,,,,marker,,,,7.250568,47.1328308
Freiburgstrasse-Box-4,04-04-2021,,,,,-1,0,-1,,,,marker,,,,7.249491,47.1327150
Freiburgstrasse-Box-3,04-04-2021,,,,,-1,0,-1,,,,marker,,,,7.249664,47.1328160
"Zukunftstrasse
Box 12",05-04-2021,,,,,-1,0,-1,,,,marker,,,,7.248603,47.1328670
Zukunfstrasse-Box-13,06-04,,,,,-1,0,-1,,,,marker,,,,7.247905,47.1334960
Kongresshaus-Box-1,06-04-2021,,,,,-1,0,-1,,,,marker,,,,7.247552,47.1343650
Zukunfstrasse-Box-14,06-04,,,,,-1,0,-1,,,,marker,,,,7.247779,47.1336050
Kongresshaus-Box-2,06-04-2021,,,,,-1,0,-1,,,,marker,,,,7.247927,47.1345200
"Unterer quai
park 1","surveyed the three unmowed circles (did not enter, did best to identify from distance)",,,,,-1,0,-1,,,,marker,,,,7.241355,47.1356659
"Gewerberhofstrasse
Box 3",05-04-2021,,,,,-1,0,-1,,,,marker,,,,7.248045,47.1325990
Bundes-Komm-Box-6,05-04-2021,,,,,-1,0,-1,,,,marker,,,,7.247922,47.1326300
Zukunftstrasse-Box-9,,,,,,-1,0,-1,,,,marker,,,,7.248722,47.1326530
"Gewerberhofstrasse
Box 2",05-04-2021,,,,,-1,0,-1,,,,marker,,,,7.248265,47.1327150
Zukunftstrasse-Box-10,,,,,,-1,0,-1,,,,marker,,,,7.248611,47.1327300
"Gewerberhofstrasse
Box 1",05-04-2021,,,,,-1,0,-1,,,,marker,,,,7.248429,47.1327960
"Zukunfstrasse
Box 11",05-04-2021,,,,,-1,0,-1,,,,marker,,,,7.248676,47.1328070
Bundes-Komm-Box-1,05-04-2021 MISSING,,,,,-1,0,-1,,,,marker,,,,7.248372,47.1328660
Gewerberhofstrasse-Box-6,05-04-2021,,,,,-1,0,-1,,,,marker,,,,7.247673,47.1323980
Gewerberhofstrasse-Box-7,05-04-2021,,,,,-1,0,-1,,,,marker,,,,7.247449,47.1323000
Gewerberhofstrasse-Box-5,05-04-2021,,,,,-1,0,-1,,,,marker,,,,7.247754,47.1324450
Bundes-Komm-Box-2,05-04-2021 MISSING,,,,,-1,0,-1,,,,marker,,,,7.247361,47.1323390
Bundes-Komm-Box-3,05-04-2021,,,,,-1,0,-1,,,,marker,,,,7.247487,47.1324060
Bundes-Komm-Box-4,05-04-2021,,,,,-1,0,-1,,,,marker,,,,7.247626,47.1324740
"Gewerberhofstrasse
Box 4",05-04-2021,,,,,-1,0,-1,,,,marker,,,,7.247870,47.1325080
Bundes-Komm-Box-5,05-04-2021,,,,,-1,0,-1,,,,marker,,,,7.247751,47.1325430
Brueggstrasse-Box-5,,,,,,-1,0,-1,,,,marker,"<div><div><span>Zeichnung &nbsp;</span>(05-04
BrÃ¼ggstrasse
Box 11)</div><div></div></div>",KML||https://public.geo.admin.ch/56a59BHVTviHH1bu7uHxFg,,7.252035,47.1321600
Friedweg-Area-1,,,,,,-1,0,-1,,,,marker,"<div><div><span>Zeichnung &nbsp;</span>(04-04
Friedweg
Area 1)</div><div></div></div>",KML||https://public.geo.admin.ch/56a59BHVTviHH1bu7uHxFg,,7.254384,47.1321890
Brueggstrasse-Berm-1,"surveyed only 2 meters deep from sidewalk.
03-04-21",,,,,-1,0,-1,,,,marker,,,,7.254117,47.1300180
Schmiedweg-Berm-1,"surveyed to the little building on the left and equivalent distance to the right
11-04-2021",,,,,-1,0,-1,,,,marker,,,,7.252196,47.1303270
Brueggstrasse-area-2,"survey area is tree covered area between road and parking lot, 07-05-2021, 28-03-21
",,,,,-1,0,-1,,,,marker,,,,7.253431,47.1306710
Brueggstrasse-area-4,"04-04-2021, formerly brueggstrasse box 5,6",,,,,-1,0,-1,,,,marker,,,,7.252584,47.1314234
muehlefeldweg-park-1,"26.03.21, surveyed the flowers in the park
",,,,,-1,0,-1,,,,marker,,,,7.253705,47.1298150
Alexander-Moser-Strasse-box-1,11-04-2021,,,,,-1,0,-1,,,,marker,,,,7.251796,47.1271690
Alexander-Moser-Strasse-box-3,11-04-2021,,,,,-1,0,-1,,,,marker,,,,7.251648,47.1272280
Alexander-Moser-Strasse-box-2,11-04-2021,,,,,-1,0,-1,,,,marker,,,,7.251714,47.1271960
Erlacherweg-area-1,"11-04-2021
29-03-2021",,,,,-1,0,-1,,,,marker,,,,7.254304,47.1292160
Brueggstrasse-box-6,"surveyed lavender box (?) with tree
29-03-2021",,,,,-1,0,-1,,,,marker,,,,7.253875,47.1299690
muehlefeldweg-berm-1,"26-03-2021, 24-05-2021, survey area is first bit of berm including and behind trees.
",,,,,-1,0,-1,,,,marker,"<div><div><span>Zeichnung &nbsp;</span>(muehlefeldweg
berm 2)</div><div>26-03-2021</div></div>",KML||https://public.geo.admin.ch/7erVQ2UGSKmRi0t2CVQHow,,7.253528,47.1299970
Freiburgstrasse-Box-7,04-04-2021,,,,,-1,0,-1,,,,marker,,,,7.247976,47.1319220
Alfred-aebi-strasse-area-8,,,,,,-1,0,-1,,,,marker,,,,7.251264,47.1320550
Freiburgstrasse-Box-6,04-04-2021,,,,,-1,0,-1,,,,marker,,,,7.248360,47.1321250
Zukunftstrasse-Box-4,,,,,,-1,0,-1,,,,marker,,,,7.249353,47.1321820
Gewerberhofstrasse-Box-8,05-04-2021,,,,,-1,0,-1,,,,marker,,,,7.247273,47.1322160
Freiburgstrasse-Madretschkanal-1,"survey area includes both sides of the river, up to the parking lot on the berm facing the river, up to the first tree in the parking lot.09-03-2021, 04-04-2021, 07-05-2021",,,,,-1,0,-1,,,,,,,,7.247572,47.1314300
Zukunftstrasse-Box-2,,,,,,-1,0,-1,,,,marker,,,,7.249685,47.1317680
Freiburgstrasse-Box-8,04-04-2021,,,,,-1,0,-1,,,,marker,,,,7.247604,47.1317780
Zukunftstrasse-Box-3,,,,,,-1,0,-1,,,,marker,,,,7.249624,47.1318270
Zunkunftstrasse-Box-1,Viburnum ferrari,,,,,-1,0,-1,,,,marker,"<div><div><span>Zeichnung &nbsp;</span>(03-04
Zunkunftstrasse
Box 1)</div><div>Viburnum ferrari</div></div>",KML||https://public.geo.admin.ch/56a59BHVTviHH1bu7uHxFg,,7.249777,47.1316965
Zukunftstrasse-Madretschkanal-1,"surveyed both sides of the river, including the shrubs on the back end.
28-03-2021",,,,,-1,0,-1,,,,marker,,,,7.249709,47.1316400
Alfred-aebi-strasse-area-7,,,,,,-1,0,-1,,,,marker,,,,7.250854,47.1319120
Muehlefeldweg-area-1,"survey area is area immediately from the start of muehlefeld weg on the rail road tracks side of the road until mÃ¼hlefeldweg joins the railroad berm.
28-03-2021",,,,,-1,0,-1,,,,marker,,,,7.248193,47.1304170
Muehlefeldweg-Berm-2,Survey area entirety of berm easily visible from sidewalk from area 2 until park 1.,,,,,-1,0,-1,,,,marker,,,,7.250244,47.1299840
Muehlefeldweg-Berm-3,24-03-2021,,,,,-1,0,-1,,,,marker,,,,7.249295,47.1301770
Alfred-Aebi-Strasse-area-1,"surveyed the steep area between the sidewalk and, the railroad bridge and the path to the residents.
11-04-2021
07-05-2021",,,,,-1,0,-1,,,,marker,,,,7.247879,47.1306290
"Murtenstrasse
Madretschkanal 1",01-04-2021,,,,,-1,0,-1,,,,marker,,,,7.247148,47.1308410
Alfred-aebi-strasse-area-6,"survey area is the little bit of non concrete area between the train tracks and the building.
28-03-2021
12-04-2021",,,,,-1,0,-1,,,,marker,,,,7.248452,47.1309140
Keltenstrasse-Berm-2,"surveyed up the unwmowed area up to the pine tree and the line perpinduclar to the railroad tracks
11-04-2021",,,,,-1,0,-1,,,,marker,,,,7.246258,47.1287380
"Murtenstrasse
Berm 2",01-04-2021,,,,,-1,0,-1,,,,marker,,,,7.246894,47.1309640
Alfred-Aebi-Strasse-area-9,"semi-planted area between sidewalk and parking lot.
11-04-2021",,,,,-1,0,-1,,,,marker,,,,7.246195,47.1297760
Alfred-Aebi-Strasse-Area-3,"surveyed the plants growing in the soil/accumulation of organic material between the trees separating the parking lot from the next lot..
11-04-2021",,,,,-1,0,-1,,,,marker,,,,7.245998,47.1299620
Alfred-Aebi-strasse-area-4,"surveyed the empty lot bounded by the unused building, the fence, madretschkanal
31-03-2021",,,,,-1,0,-1,,,,marker,,,,7.246571,47.1300940
,,,,,,-1,0,-1,,,,marker,,,,7.240927,47.1308130
Alfred-Aebi-Strasse-Area-2,"surveyed the plants growing in the soil/accumulation of organic material between the wall and the parking lot.
11-04-2021",,,,,-1,0,-1,,,,marker,,,,7.245949,47.1297760
"Murtenstrasse
Berm 1",01-04-2021,,,,,-1,0,-1,,,,marker,,,,7.246402,47.1311070
dr-schneider-strasse-area-1,31-03-2021,,,,,-1,0,-1,,,,marker,,,,7.238072,47.1280318
Grenzstrasse-Park-1,"survey area is the unmowed areas underneath the trees
11-04-2021",,,,,-1,0,-1,,,,marker,,,,7.246390,47.1285390
Keltenstrasse-Berm-1,"both sides of keltenstrasse, diversity located on right side of the road.
11-04-2021
24-05-2021",,,,,-1,0,-1,,,,marker,,,,7.245964,47.1284190
Flaesserweg-lot-3,"31-03-2021, was flaesserweg-area-1, no data",,,,,-1,0,-1,,,,marker,,,,7.238057,47.1284370
Schloss-Nidau-Area-2,03-04,,,,,-1,0,-1,,,,marker,,,,7.240484,47.1281110
Erlenweg-forest-1,"survey between the left side (facing lac de bienne) of the river and the edge of the mowed area.
31-03-2021",,,,,-1,0,-1,,,,marker,,,,7.232464,47.1265940
Erlenweg-lake-1,"surveyed the right side of the cove, between the water and the wall.
31-03-2021",,,,,-1,0,-1,,,,marker,,,,7.232171,47.1268478
Schloss-Nidau-Area-6,,,,,,-1,0,-1,,,,marker,,,,7.238969,47.1273120
Schloss-Nidau-Area-5,,,,,,-1,0,-1,,,,marker,,,,7.239713,47.1271980
Schloss-Nidau-Area-4,,,,,,-1,0,-1,,,,marker,,,,7.239993,47.1273420
Schloss-Nidau-Area-3,,,,,,-1,0,-1,,,,marker,,,,7.240270,47.1275260
Schloss-Nidau-Area 7,,,,,,-1,0,-1,,,,marker,,,,7.239264,47.1275860
Schloss-Nidau-Area-1,03-04,,,,,-1,0,-1,,,,marker,,,,7.239546,47.1280630
vorhoelzli-forest-5,"28-02-2021, 12-03-2021, surveyed from forest edge to the edge of the trail on the left side of the path, also surveyed first 15 meters of road leading down.
",,,,,-1,0,-1,,,,,,,,7.288276,47.1466042
vorhoelzli-forest-6,"28-02-2021, surveyed forest edge and field along path",,,,,-1,0,-1,,,,,,,,7.289563,47.1550483
griendamm-forest-1,19-02 surveyed forest path and field/forest boundary,,,,,-1,0,-1,,,,,,,,7.327409,47.1355472
underwald-forest-1,"19-02, Tussilago farfara L.
Several masses of flowers, around 40 buds total on each side of the path here. 30% or so in flower.
Helleborous Foetidous
Lots of flowering HF in about a 150 meter radius of this spot, which itself contains a huge patch of HF",,,,,-1,0,-1,,,,,,,,7.334303,47.1301932
underwald-forest-2,"19-02, Large patch of Galanthus Nivalis, about 12 square meters in all. There was a bee feeding on the flowers. veronica persica on the outside of the forest",,,,,-1,0,-1,,,,,,,,7.337436,47.1283465
hoell-alte-aare,19-02 surveyed the perimeter of a field in the middle of the nature reserve,,,,,-1,0,-1,,,,,,,,7.336984,47.1437849
vinelz-lake-1,"25-02-202, survey area is a few meters to each side of the path. Bellis perennis in the grass, tussilago farfara on the lakeshore side.",,,,,-1,0,-1,,,,,,,bern,7.107655,47.0385978
schalterrain-forest-3,"25-02-2021, surveyed end of forest, beginning of field after path, tussilago farfara visible somewhat outside the survey range",,,,,-1,0,-1,,,,,,,bern,7.116087,47.0279280
schalterrain-forest-2,"25-02-2021 surveyed both sides of path where the forest had been somewhat recently cleared,",,,,,-1,0,-1,,,,,,,bern,7.134308,47.0246634
schalterrain-forest-1,"25-02-2021 surveyed the entrance to the forest. large patches of lamium purpureum, galanthus nivalis slightly out of survey area",,,,,-1,0,-1,,,,,,,bern,7.140978,47.0229985
ruisseau-de-vaux,15-02-2021 surveyed the hil ,,,,,-1,0,-1,,,,,,,bern,7.082470,47.0651489
muelau-forest-1,"17-02-2021, surveyed the forest path until the schütenzhaus, then looped along the path along the aare,",,,,,-1,0,-1,,,,,,,bern,7.272508,47.0325892
aarberg-alte-aare-1,"17-02-2021, surveyed area between road and alte-aare branch from baldsteg to holzkraftwerk aarberg",,,,,-1,0,-1,,,,,,,bern,7.274428,47.0384197
jaissberg-forest-1,"first flowers encountered were galanthus nivalis near the forest hut, nothing else around.
",,,,,-1,0,-1,,,,,,,,7.277817,47.1091915
jaissberg-forest-3,"23-02-2021, surveyed from where the stream crosses the path to the end of the forest.",,,,,-1,0,-1,,,,,,,,7.273997,47.1120607
jaissberg-forest-2,"23-02-2021, surveyed the path between where the bike trail ends and the forest path turns hard left",,,,,-1,0,-1,,,,,,,,7.276916,47.1114255
"laengholz-forest-10
","23-02-2021, surveyed field/forest edge
",,,,,-1,0,-1,,,,,,,,7.285411,47.1331510
laengholz-forest-9,"23-02-2021, surveyed both sides of forest path after encountering Chrysoplenium alternum",,,,,-1,0,-1,,,,,,,,7.287257,47.1322240
au-vernet-suze-1,"surveyed the forest and its surrounding area, main feature is small patches of leocojum verna",,,,,-1,0,-1,,,,,,,,7.237175,47.1882392
la-heutte-suze-2,"18-02-2021, surveyed between this point and the bridge, corylus avellana, small stellaria media, one patch helleborous foetidus",,,,,-1,0,-1,,,,,,,,7.231520,47.1884969
frinvilier-ramp-1,"08-02-21
Corylus avellana, only flowers visible were the two helleborous foetidus flowers. Scattered corylus avellana-type trees in flower",,,,,-1,0,-1,,,,,,,,7.253159,47.1691710
nidau-buren-kanal-1,"04-02 surveyed area between the two bridges and between the river and path.
",,,,,-1,0,-1,,,,,,,,7.279619,47.1203860
nidau-buren-kanal-2,05-02-2021. surveyed area opposite gardens.,,,,,-1,0,-1,,,,,,,,7.260469,47.1173051
nidau-buren-kanal-3,"05-02-2021 surveyed area between path and river, specifically this patch of forest and the area immediately around it.",,,,,-1,0,-1,,,,,,,,7.268526,47.1158365
nidau-buren-kanal-4,"05-02-2021, surveyed area around the path of bare grass between thickets of small trees.
",,,,,-1,0,-1,,,,,,,,7.257963,47.1179623
obem-fuchsenried-forest-1,"24-02, surveyed path between road and forest road
",,,,,-1,0,-1,,,,,,,,7.263413,47.1559317
obem-fuchsenried-2,"25-02-2021, surveyed forest patch on both sides of path between the path junctions
",,,,,-1,0,-1,,,,,,,,7.259759,47.1531040
schneidergaessli-madretschkanal-1,"05-02-2021, surveyed treeline and grassy area
",,,,,-1,0,-1,,,,,,,,7.251517,47.1339415
buerenstrasse-suze-7,"11-02, 20-03, surveyed area between path, fence and river.
",,,,,-1,0,-1,,,,,,,,7.271296,47.1493964
buerenstrasse-suze-6,"11-02, 20-03
",,,,,-1,0,-1,,,,,,,,7.270013,47.1517774
schuessinsel-kanal-7,"24-02-2021, surveyed area between swatch fence and kanal. bounded by bridged on each end.
",,,,,-1,0,-1,,,,,,,,7.263168,47.1443574
mettmoos-field-1,,,,,,-1,0,-1,,,,,,,,7.277493,47.1382594
"laengholz-forest-11
","12-03-2021, surveyed short distance into the wet forest behind mettmoos
",,,,,-1,0,-1,,,,,,,,7.278152,47.1375142
neumatt-field-1,12-03-2021,,,,,-1,0,-1,,,,,,,,7.289745,47.1421848
neumatt-stream-1,12-03-2021,,,,,-1,0,-1,,,,,,,,7.289272,47.1411630
"neumatt-stream-2
","12-03-2021, area between highway and road on bank of the stream
",,,,,-1,0,-1,,,,,,,,7.289827,47.1396880
laengholz-forest-12,"12-03-202, surveyed forest area on the north side of the path, about 2 meters in.
",,,,,-1,0,-1,,,,,,,,7.265048,47.1390266
laengholz-forest-13,"12-03-2021, surveyed area before, around and after pond along the path 
",,,,,-1,0,-1,,,,,,,,7.269163,47.1390783
laengholz-forest-14,"12-03-2021, scattered salix, flowers not yet ready to go on the ranunculus, anemone, but getting there.
",,,,,-1,0,-1,,,,,,,,7.274892,47.1402661
vorhoelzli-forest-7,"12-03-2021, surveyed area in and around logpile
",,,,,-1,0,-1,,,,,,,,7.290663,47.1428892
zuerichstrasse-leugene-1,"18-03-2021, surveyed both banks of the leugene between houses and highway
",,,,,-1,0,-1,,,,,,,,7.298378,47.1622484
bifangmattenweg-leugene-1,,,,,,-1,0,-1,,,,,,,,7.300172,47.1647873
bifangmattenweg-forest-1,,,,,,-1,0,-1,,,,,,,,7.302573,47.1653274
nidau-buren-kanal-5,"16-03, surveyed area immediately after rinstrasse/kanalweg junction to about 50 meters along
",,,,,-1,0,-1,,,,,,,,7.259270,47.1186446
nidau-buren-kanal-6,"16-03, surveyed from the area between the first section of gardens and the river bank.
",,,,,-1,0,-1,,,,,,,,7.265551,47.1166797
nidau-buren-kanal-7,"16-03-2021, surveyed the area between the path and the river and few meters into the second to last field before the gardens.
",,,,,-1,0,-1,,,,,,,,7.262134,47.1177287
mandschurei-forest-1,"04-03-2021, surveyed field and forest entrance. Nothing in flower in forest entrance other than corylus avellana and alnus glutinosa, field had some flowers.
",,,,,-1,0,-1,,,,,,,,7.312786,47.0971266
mandschurei-forest-3,"04-03-2021, surveyed area at entrance to forest, into forest and across bridge into clearing.
",,,,,-1,0,-1,,,,,,,,7.310769,47.0943402
mandschurei-forest-2,"04-03-2021, surveyed area near galanthus nivalis patch.
",,,,,-1,0,-1,,,,,,,,7.310892,47.0959105
mueligrien-forest-1,"04-03-2021, surveyed exit of forest path. nothing in forest, flowers in the field area.
",,,,,-1,0,-1,,,,,,,,7.309052,47.1007265
lyssbach-forest-1,"04-03-2021, surveyed floodplain area
",,,,,-1,0,-1,,,,,,,,7.311081,47.0889432
lyssbach-forest-2,,,,,,-1,0,-1,,,,,,,,7.311050,47.0911114
austrasse-forest-1,"05-03-2021, surveyed both sides of road  leading to forest, about 20 meters.
",,,,,-1,0,-1,,,,,,,bern,7.248373,46.9880169
austrasse-forest-2,"05-03-2021, surveyed area to the left and right of the path. blankets of scillia bifolia and allium ursinum.
",,,,,-1,0,-1,,,,,,,bern,7.249332,46.9896759
austrasse-forest-3,"05-03, surveyed from primula elatior to stream.
",,,,,-1,0,-1,,,,,,,bern,7.250319,46.9890063
,,,,,,-1,0,-1,,,,marker,,,bern,7.451961,46.9283520
pfeidli-forest-5,"17-03-21, survey area is entirety of forest area between roads and cemetery.
",,,,,-1,0,-1,,,,,,,,7.272483,47.1232791
mooswaeldli-forest-1,"25-03-21, survey area is first meters into forest, until 10 meters after path turns left
",,,,,-1,0,-1,,,,,,,,7.258932,47.1226284
mooswaeldli-forest-2,,,,,,-1,0,-1,,,,,,,,7.257972,47.1228675
mooswaeldli-forest-3,"25-03-2021, survey is clearing and extending 5 meters further out, plus entrance of forest to grassy area.
",,,,,-1,0,-1,,,,,,,,7.256233,47.1231066
buerenstrasse-suze-8,"20-03, surveyed area between house and road and path, and between path and river
",,,,,-1,0,-1,,,,,,,,7.271354,47.1503898
buerenstrasse-suze-9,"20-03-21, surveyed grassy triangle area and the area between path and river.
",,,,,-1,0,-1,,,,,,,,7.270734,47.1514093
scheuessinsel-suze-11,"13-03-2021, surveyed small area between path and the river.",,,,,-1,0,-1,,,,,,,,7.264475,47.1442067
holunderweg-madretschkanal-8,"14.03.2021, surveyed opposite bank of madretschkanal from a distance.
",,,,,-1,0,-1,,,,,,,,7.256640,47.1408109
zukunftstrasse-madretschkanal-2,09.03.2021,,,,,-1,0,-1,,,,,,,,7.250020,47.1317456
Alfred-aebi-strasse-area-5,,,,,,-1,0,-1,,,,,,,,7.248798,47.1309325
"saint-paulus-weg-area-1
",,,,,,-1,0,-1,,,,,,,,7.253574,47.1309508
muehlefeldweg-park-2,"28.03.21, surveyed the section park in between the sidewalk
",,,,,-1,0,-1,,,,,,,,7.254141,47.1296016
muehlefeldweg-berm-4,"28.03, survey area is between railroad tracks, ending track, berm-1,sidewalk
",,,,,-1,0,-1,,,,,,,,7.252255,47.1299632
laengholz-forest-16,"08-03-2021, surveyed both sides of path  until sharp south turn in cemetery walls.
",,,,,-1,0,-1,,,,,,,,7.264173,47.1266070
Karl-Neuhaus-Strasse-park-1,"surveyed entire park area, including the mowed area, the tree and shrubby areas on each side of the fence
29-03-2021",,,,,-1,0,-1,,,,marker,,,,7.242635,47.1387360
"frinvillier-suze-1
","31.05,  surveyed both side of the road between bridge and building.
",,,,,-1,0,-1,,,,,,,,7.248967,47.1717839
frinvillier-suze-2,"31.05, surveyed right side of suze river along path, included upper forest area through the artificial ponds.
",,,,,-1,0,-1,,,,,,,,7.249071,47.1725573
taubenloch-suze-1,"02.06.21, surveyed first 15 meters of the empty lot
",,,,,-1,0,-1,,,,,,,,7.267291,47.1536501
studen-forest-1,28-06-2021,,,,,-1,0,-1,,,,,,,,7.300066,47.1099620
studen-forest-2,28-06-2021,,,,,-1,0,-1,,,,,,,,7.298486,47.1128657
murtenstrasse-area-1,29-06-2021,,,,,-1,0,-1,,,,,,,,7.246158,47.1318604
cdf-forest-1,29-06-2021,,,,,-1,0,-1,,,,,,,cdf,6.814546,47.1064489
cdf-forest-2,29-06-2021,,,,,-1,0,-1,,,,,,,cdf,6.813334,47.1065031
cdf-forest-3,29-06-2021,,,,,-1,0,-1,,,,,,,cdf,6.814122,47.1071585
cdf-sbb-1,06-29-2021,,,,,-1,0,-1,,,,,,,cdf,6.824844,47.0973497
cdf-sbb-2,,,,,,-1,0,-1,,,,,,,cdf,6.824769,47.0962560
schuessinsel-suze-12,30-06-2021,,,,,-1,0,-1,,,,,,,,7.269093,47.1469850
Felseck-forest-1,01-07-2021,,,,,-1,0,-1,,,,,,,,7.228628,47.1346962
felseck-forest-2,01-07-2021,,,,,-1,0,-1,,,,,,,,7.226234,47.1340953
schwanengasse-area-5,02-07-2021,,,,,-1,0,-1,,,,,,,,7.252936,47.1375688
jurastrasse-area-1,03-07-2021,,,,,-1,0,-1,,,,,,,,7.248259,47.1422940
portrasse-park-1,,,,,,-1,0,-1,,,,,,,,7.258432,47.1263915
portstrasse-park-2,,,,,,-1,0,-1,,,,,,,,7.258043,47.1263860
portstrasse-lot-1,,,,,,-1,0,-1,,,,,,,,7.261920,47.1245362
schwanengasse-area-6,,,,,,-1,0,-1,,,,,,,,7.253299,47.1376201
portstrasse-lot-2,,,,,,-1,0,-1,,,,,,,,7.262197,47.1246884
portstrasse-lot-3,,,,,,-1,0,-1,,,,,,,,7.261609,47.1248086
portstrasse-lot-4,,,,,,-1,0,-1,,,,,,,,7.261327,47.1245640
seevorstrasse-area-1,,,,,,-1,0,-1,,,,,,,,7.242837,47.1396679
alfred-aebi-strasse-area-10,,,,,,-1,0,-1,,,,,,,,7.247091,47.1302246
cygnes-cff-1,,,,,,-1,0,-1,,,,,,,,7.254734,47.1384209
sbb-area-1,,,,,,-1,0,-1,,,,,,,,7.241733,47.1318897
murtenstrasse-area-2,,,,,,-1,0,-1,,,,,,,,7.246587,47.1321929
bielstrasse-berm-1,,,,,,-1,0,-1,,,,,,,,7.260338,47.1265932
bermenstrasse-area-3,,,,,,-1,0,-1,,,,,,,,7.259938,47.1275870
mattenstrasse-berm-4,,,,,,-1,0,-1,,,,,,,,7.258011,47.1383194
mettstrasse-area-2,,,,,,-1,0,-1,,,,,,,,7.259436,47.1376245
mettstrasse-area-1,,,,,,-1,0,-1,,,,,,,,7.260454,47.1379420
sbb-area-3,,,,,,-1,0,-1,,,,,,,,7.240595,47.1335433
"sbb-area-2
",,,,,,-1,0,-1,,,,,,,,7.240227,47.1328655
Point 373,,,,,,-1,0,-1,,,,,,,,7.258099,47.1277790
portstrasse-berm-2,,,,,,-1,0,-1,,,,,,,,7.260255,47.1240475
portstrasse-berm-1,,,,,,-1,0,-1,,,,,,,,7.258610,47.1274106
mettmoos-field-2,,,,,,-1,0,-1,,,,,,,,7.275414,47.1383827
alpenstrasse-lot-1,,,,,,-1,0,-1,,,,,,,,7.234774,47.1357678
muehlestrasse-suze-2,,,,,,-1,0,-1,,,,,,,,7.270152,47.1476180
schuessinsel-suze-13,,,,,,-1,0,-1,,,,,,,,7.268906,47.1464018
dammweg-berm-1,,,,,,-1,0,-1,,,,,,,,7.237489,47.1361554
murtenstrasse-area-3,,,,,,-1,0,-1,,,,,,,,7.246576,47.1320289
sbb-area-4,,,,,,-1,0,-1,,,,,,,,7.245492,47.1313013
paulusweg-area-2,,,,,,-1,0,-1,,,,,,,,7.255265,47.1319866
unterer-quai-suze-1,,,,,,-1,0,-1,,,,,,,,7.236986,47.1331833
oberer-quai-1,,,,,,-1,0,-1,,,,,,,,7.250201,47.1387086
sundgraben-beach-1,,,,,,-1,0,-1,,,,,,,,7.794396,46.6841795
"seefelsweg-berm-1
",,,,,,-1,0,-1,,,,,,,,7.236146,47.1347927
kreuzplatz-box-1,,,,,,-1,0,-1,,,,,,,,7.251766,47.1321631
alleestrasse-lot-1,,,,,,-1,0,-1,,,,,,,,7.252991,47.1367261
paulusweg-area-3,,,,,,-1,0,-1,,,,,,,,7.253429,47.1311020
laengholz-forest-15,,,,,,-1,0,-1,,,,,,,,7.283561,47.1384490
flaesserweg-lot-1,,,,,,-1,0,-1,,,,,,,,7.237134,47.1288189
alfermee-forest-1,,,,,,-1,0,-1,,,,,,,,7.207629,47.1221898
alfermee-beach-1,,,,,,-1,0,-1,,,,,,,,7.207941,47.1217302
pfeidli-forest-6,,,,,,-1,0,-1,,,,,,,,7.274828,47.1218170
salzhausstrasse-area-2,,,,,,-1,0,-1,,,,,,,,7.245533,47.1307546
salzhausstrasse-area-1,,,,,,-1,0,-1,,,,,,,,7.244702,47.1303222
alexander-moser-strasse-berm-1,,,,,,-1,0,-1,,,,,,,,7.246502,47.1295999
bernstrasse-area-1,,,,,,-1,0,-1,,,,,,,,7.241414,47.1278183
mattenstrasse-area-1,,,,,,-1,0,-1,,,,,,,,7.251659,47.1351183
felseck-forest-4,,,,,,-1,0,-1,,,,,,,,7.225574,47.1333457
felseck-forest-3,,,,,,-1,0,-1,,,,,,,,7.226065,47.1335975
cdf-sbb-3,,,,,,-1,0,-1,,,,,,,cdf,6.821361,47.0968944
nidau-lot-1,,,,,,-1,0,-1,,,,,,,,7.241826,47.1241254
jaissberg-forest-4,,,,,,-1,0,-1,,,,,,,,7.283886,47.1156842
fallbringenhof-forest-1,,,,,,-1,0,-1,,,,,,,,7.251780,47.1520739
magglingen-forest-2,,,,,,-1,0,-1,,,,,,,,7.209021,47.1456202
magglingen-forest-1,,,,,,-1,0,-1,,,,,,,,7.205462,47.1423742
gartenstrasse-area-1,,,,,,-1,0,-1,,,,,,,,7.249896,47.1361002
cdf-sbb-4,,,,,,-1,0,-1,,,,,,,cdf,6.820220,47.0961084
salzhausstrasse-madretschkanal-1,,,,,,-1,0,-1,,,,,,,,7.242673,47.1286821
"orvin-forest-1
",,,,,,-1,0,-1,,,,,,,,7.168107,47.1482051
orvin-field-1,,,,,,-1,0,-1,,,,,,,,7.182491,47.1553812
cdf-forest-5,,,,,,-1,0,-1,,,,,,,cdf,6.839213,47.0911026
cdf-forest-4,,,,,,-1,0,-1,,,,,,,cdf,6.839229,47.0924623
flaesserweg-lot-2,,,,,,-1,0,-1,,,,,,,,7.236242,47.1279537
untererquai-suze-2,,,,,,-1,0,-1,,,,,,,,7.239972,47.1344141
untererquai-suze-3,,,,,,-1,0,-1,,,,,,,,7.241072,47.1348410
untererquai-suze-4,,,,,,-1,0,-1,,,,,,,,7.239585,47.1342379
"jurastrasse-park-1
",,,,,,-1,0,-1,,,,,,,,7.249615,47.1434058
waffengasse-area-1,,,,,,-1,0,-1,,,,,,,,7.244325,47.1355634
fontenalstrasse-area-1,,,,,,-1,0,-1,,,,,,,,7.261488,47.1488331
pery-forest-1,,,,,,-1,0,-1,,,,,,,,7.249899,47.1903417
cdf-sbb-6,,,,,,-1,0,-1,,,,,,,cdf,6.825199,47.0957910
cdf-forest-6,,,,,,-1,0,-1,,,,,,,cdf,6.833117,47.0900628
holunderweg-madretschkanal-6,,,,,,-1,0,-1,,,,,,,,7.256101,47.1401337
schmiedweg-box-2,,,,,,-1,0,-1,,,,,,,,7.252751,47.1307670
schmiedweg-box-1,,,,,,-1,0,-1,,,,,,,,7.252521,47.1307031
cygnes-cff-2,,,,,,-1,0,-1,,,,,,,,7.254197,47.1383379
cdf-sbb-5,,,,,,-1,0,-1,,,,,,,cdf,6.824048,47.0980124
bermenstrasse-area-4,,,,,,-1,0,-1,,,,,,,,7.259434,47.1280533
muehlestrasse-berm-2,,,,,,-1,0,-1,,,,,,,,7.271420,47.1442871
schmiedweg-lot-1,,,,,,-1,0,-1,,,,,,,,7.251554,47.1311156
holunderweg-madretschkanal-7,,,,,,-1,0,-1,,,,,,,,7.253635,47.1391668
buttenbergstrasse-park-1,,,,,,-1,0,-1,,,,,,,,7.284253,47.1464760
vorhoelzli-forest-8,,,,,,-1,0,-1,,,,,,,,7.300002,47.1607601
vorhoelzli-forest-9,,,,,,-1,0,-1,,,,,,,,7.300904,47.1612579
freiburgstrasse-berm-2,,,,,,-1,0,-1,,,,,,,,7.246952,47.1315837
freiburgstrasse-berm-1,,,,,,-1,0,-1,,,,,,,,7.247158,47.1316248
Fallbringenhof-forest-2,,,,,,-1,0,-1,,,,,,,,7.254866,47.1520260
brueggstrasse-area-3,"formerly box brueggstrasse box 7-10
",,,,,-1,0,-1,,,,,,,,7.254560,47.1294698
