 ID taxon,species,nom allemand,nom francais,nom italien,priorite,menace,responsabilite,necessite de prendre des mesures,Necessite de surveiller les populations,connaissances suffisantes?,techniques connues?,Jura,Plateau
1000,Achillea atrata L.,Schwarze Schafgarbe,Achillee noiratre,Millefoglio del calcare,4,LC,3,0,0,1,1,0,0
1100,Achillea clavenae L.,Clavenas Schafgarbe,Achillee de Clavena,Millefoglio di Clavena,3,VU,2,1,0,1,0,0,0
1200,Achillea collina Rchb.,Huegel-Schafgarbe,Achillee des collines,Millefoglio comune,4,VU,1,1,1,1,0,0,0
1500,Achillea erba-rotta subsp. moschata (Wulfen) Vacc.,Moschus-Schafgarbe,Achillee musquee,Millefoglio del granito,4,LC,3,0,0,1,0,0,0
1600,Achillea macrophylla L.,Grossblaettrige Schafgarbe,Achillee a grandes feuilles,Millefoglio delle radure,4,LC,3,0,0,1,0,0,0
2200,Achillea ptarmica L.,Sumpf-Schafgarbe,Herbe a eternuer,Millefoglio palustre,4,VU,1,1,1,1,0,A,A
3100,Aconitum anthora L.,Blassgelber Eisenhut,Aconit anthora,Aconito antora,4,VU,1,1,2,1,0,A,0
3570,Aconitum napellus subsp. tauricum (Wulfen) Gayer,Tauern-Eisenhut,Aconit du Tauern,Aconito dei Tauri,3,VU,2,1,1,1,0,0,0
4400,Aconitum variegatum L. subsp. variegatum,Gescheckter Eisenhut,Aconit panache,Aconito screziato,4,VU,1,1,1,1,0,0,0
4700,Aconitum variegatum subsp. rostratum (DC.) Gayer,Geschnaebelter Eisenhut,Aconit a bec,Aconito rostrato,4,NT,2,0,0,1,0,0,0
5300,Adenophora liliifolia (L.) A. DC.,Druesenglocke,Adenophore a feuilles de lis,Campanella odorosa,1,CR,2,2,2,2,1,0,0
5600,Adenostyles leucophylla (Willd.) Rchb.,Filziger Alpendost,Adenostyle a feuilles blanches,Cavolaccio lanoso,4,LC,3,0,0,1,0,0,0
5700,Adiantum capillus-veneris L.,Venushaar,Capillaire,Capelvenere comune,4,VU,1,1,1,1,0,A,A
5800,Adonis aestivalis L.,Sommer-Blutstroepfchen,Adonis d'ete,Adonide estiva,4,VU,1,2,0,2,1,A,A
6100,Adonis flammea Jacq.,Scharlachtrotes Blutstroepfchen,Adonis flamme,Adonide scarlatta,3,EN,1,2,0,2,1,D,A
6200,Adonis vernalis L.,Fruehlings-Adonis,Adonis du printemps,Adonide gialla,4,VU,1,2,1,2,1,0,0
7000,Aethionema saxatile (L.) R. Br.,Felsen-Steintaeschel,Aethionema des rochers,Erba-storna carnicina,4,VU,1,1,1,1,0,0,0
7600,Agrimonia procera Wallr.,Wohlriechender Odermennig,Aigremoine elevee,Agrimonia profumata,4,VU,1,1,1,1,0,A,A
8200,Agrostemma githago L.,Kornrade,Nielle des bles,Gittaione comune,3,EN,1,2,0,2,1,A,A
9700,Aira caryophyllea L.,Nelken-Haferschmiele,Aïra caryophylle,Nebbia maggiore,4,VU,1,1,1,1,0,D,A
9900,Aira elegantissima Schur,Zierliche Haferschmiele,Aïra elegant,Nebbia minore,3,EN,1,2,0,1,0,0,D
10000,Aira praecox L.,Fruehe Haferschmiele,Aïra precoce,Nebbia precoce,2,CR(PE),1,99,0,0,0,0,0
10100,Ajuga chamaepitys (L.) Schreb.,Gelber Guensel,Bugle jaune,Iva artritica,4,VU,1,1,0,1,0,A,A
11300,Alchemilla amphisericea Buser,Seidenglanz-Silbermantel,Alchemille de Charbonnel,Ventaglina (senza nome italiano usuale),4,LC,3,0,0,1,0,A,0
11450,Alchemilla argentidens Buser,Frauenmantel (ohne gebraeuchlichen deutschen Artnamen),Alchemille (sans nom francais usuel),Ventaglina (senza nome italiano usuale),3,LC,4,0,0,1,0,0,0
14830,Alchemilla galkinae S. E. Froehner,Frauenmantel (ohne gebraeuchlichen deutschen Artnamen),Alchemille (sans nom francais usuel),Ventaglina (senza nome italiano usuale),3,LC,4,0,0,1,0,0,0
14860,Alchemilla gemmia Buser,Frauenmantel (ohne gebraeuchlichen deutschen Artnamen),Alchemille (sans nom francais usuel),Ventaglina (senza nome italiano usuale),3,LC,4,0,0,1,0,0,0
18100,Alchemilla pentaphyllea L.,Schneetaelchen-Frauenmantel,Alchemille a cinq folioles,Ventaglina a cinque foglie,4,LC,3,0,0,1,0,0,0
21600,Aldrovanda vesiculosa L.,Aldrovande,Aldrovande a vessies,Aldrovanda,3,EN,1,2,1,2,1,C,A
21700,Alisma gramineum Lej.,Grasartiger Froschloeffel,Fluteau graminee,Mestolaccia sottile,3,EN,1,2,2,2,1,C,A
21800,Alisma lanceolatum With.,Lanzettblaettriger Froschloeffel,Fluteau lanceole,Mestolaccia lanceolata,3,EN,1,2,2,2,1,A,A
22200,Allium angulosum L.,Kantiger Lauch,Ail anguleux,Aglio angoloso,4,VU,1,2,2,2,1,A,A
22500,Allium carinatum subsp. pulchellum Bonnier & Layens,Niedlicher Lauch,Ail elegant,Aglio grazioso,4,VU,1,1,1,1,0,A,A
23000,Allium lineare L.,Steifer Lauch,Ail lineaire,Aglio sottile,3,VU,2,2,1,1,0,0,0
24000,Allium rotundum L.,Kugeliger Lauch,Ail arrondi,Aglio arrotondato,2,CR,1,2,2,2,1,A,A
24700,Allium suaveolens Jacq.,Wohlriechender Lauch,Ail odorant,Aglio odoroso,3,EN,1,2,2,2,1,0,A
25500,Alopecurus aequalis Sobol.,Rotgelber Fuchsschwanz,Vulpin fauve,Coda di topo arrossata,4,VU,1,1,1,1,0,A,A
25700,Alopecurus geniculatus L.,Geknieter Fuchsschwanz,Vulpin genouille,Coda di topo ginocchiata,4,VU,1,1,0,1,0,A,A
26600,Alyssoides utriculata (L.) Moench,Blasenschoetchen,Faux alysson renfle,Vesicaria maggiore,4,NT,2,0,0,1,0,0,0
26700,Alyssum alpestre L.,Alpen-Steinkraut,Alysson alpestre,Alisso alpestre,2,EN,2,2,2,2,1,0,0
29650,Anacamptis pyramidalis var. tanayensis Chenevard,Tanay-Spitzorchis,Orchis de Tanay,Orchide di Tanay,2,VU,3,1,1,1,0,0,0
29900,Anagallis foemina Mill.,Blauer Gauchheil,Mouron femelle,Centonchio azzurro,4,VU,1,1,0,1,0,A,A
30000,Anagallis minima (L.) E. H. L. Krause,Kleinling,Centenille naine,Centonchio minore,2,CR,1,2,2,2,1,A,A
30100,Anagallis tenella (L.) L.,Zarter Gauchheil,Mouron delicat,Centonchio palustre,1,CR,2,2,2,2,1,0,A
31400,Androsace brevis (Hegetschw.) Ces.,Charpentiers Mannsschild,Androsace courte,Androsace orobia,2,VU,3,1,2,2,1,0,0
32300,Androsace maxima L.,Acker-Mannsschild,Androsace des champs,Androsace annuale,2,CR,1,2,1,2,1,0,0
32600,Androsace pubescens DC.,Weichhaariger Mannsschild,Androsace pubescente,Androsace pubescente,4,NT,2,0,0,1,0,0,0
32800,Androsace septentrionalis L.,Nordischer Mannsschild,Androsace septentrionale,Androsace nordica,2,EN,2,2,1,2,1,0,A
33000,Androsace villosa L.,Zottiger Mannsschild,Androsace velue,Androsace appenninica,4,VU,1,1,2,1,0,A,0
33800,Anemone sylvestris L.,Huegel-Windroeschen,Anemone des forets,Anemone silvestre,2,CR,1,2,2,2,1,A,0
34200,Anogramma leptophylla (L.) Link,Nacktfarn,Anogramme a frondes minces,Felcetta annuale,2,EN,2,2,1,2,1,0,0
34600,Anthemis arvensis L.,Feld-Hundskamille,Anthemis des champs,Camomilla bastarda,4,VU,1,1,0,1,0,A,A
34800,Anthemis cotula L.,Stinkende Hundskamille,Anthemis cotule,Camomilla fetida,3,EN,1,1,0,1,0,D,A
35000,Anthemis triumfettii (L.) DC.,Trionfettis Hundskamille,Anthemis de Trionfetti,Camomilla di Trionfetti,4,VU,1,1,1,1,0,D,0
35600,Anthriscus caucalis M. Bieb.,Gemeiner Kerbel,Cerfeuil a poils crochus,Cerfoglio lappola,4,VU,1,1,1,1,0,A,A
35700,Anthriscus cerefolium (L.) Hoffm.,Garten-Kerbel,Cerfeuil cultive,Cerfoglio comune,4,VU,1,1,0,1,0,A,A
35980,Anthriscus sylvestris subsp. stenophyllus (Rouy & E. G. Camus) Briq.,Schmalzipfliger Wiesen-Kerbel,Cerfeuil des pres a feuilles etroites,Cerfoglio selvatico a foglie sottili,1,EN,3,2,2,2,1,A,0
36395,Anthyllis montana L.,Berg-Wundklee,Anthyllide des montagnes,Vulneraria montana,4,VU,1,1,0,1,0,A,0
37200,Anthyllis vulneraria subsp. polyphylla (DC.) Nyman,Steppen-Wundklee,Anthyllide a feuilles nombreuses,Vulneraria delle steppe,4,VU,1,1,1,1,0,C,A
37300,Anthyllis vulneraria subsp. valesiaca (Beck) Guyot,Cherlers Wundklee,Anthyllide du Valais,Vulneraria del Vallese,4,LC,3,0,0,1,0,0,0
37800,Apera interrupta (L.) P. Beauv.,Unterbrochener Windhalm,Apera interrompue,Cappellini sottili,3,EN,1,1,0,1,0,A,A
38500,Apium nodiflorum (L.) Lag.,Knotenbluetiger Eppich,Ache nodiflore,Sedano d'acqua,2,CR,1,2,2,2,1,0,A
38600,Apium repens (Jacq.) Lag.,Kriechender Eppich,Ache rampante,Sedano strisciante,2,CR,1,2,2,1,0,0,A
38800,Aquilegia alpina L.,Alpen-Akelei,Ancolie des Alpes,Aquilegia maggiore,4,NT,2,0,1,1,0,0,0
39000,Aquilegia einseleana F. W. Schultz,Einseles Akelei,Ancolie de Einsele,Aquilegia di Einsele,2,VU,3,1,1,1,0,0,0
40300,Arabis collina Ten.,Mauer-Gaensekresse,Arabette des collines,Arabetta collinare,4,VU,1,1,0,1,0,A,B
41000,Arabis nemorensis (Hoffm.) W. D. J. Koch,Flachschotige Gaensekresse,Arabette a silique plane,Arabetta dei boschi,2,CR,1,2,2,2,1,A,D
41600,Arabis sagittata (Bertol.) DC.,Pfeilblaettrige Gaensekresse,Arabette sagittee,Arabetta saettata,4,VU,1,1,1,1,0,0,A
41700,Arabis scabra All.,Rauhe Gaensekresse,Arabette scabre,Arabetta scabra,3,EN,1,2,1,1,0,0,A
41800,Arabis serpillifolia Vill.,Quendelblaettrige Gaensekresse,Arabette a feuilles de serpolet,Arabetta strisciante,4,NT,2,0,0,1,0,A,0
43560,Arenaria ciliata subsp. bernensis Favarger,Berner Sandkraut,Sabline bernoise,Arenaria bernese,2,NT,4,0,2,1,0,0,0
43800,Arenaria gothica Fr.,Gothisches Sandkraut,Sabline de Suede,Arenaria gotica,1,CR,3,2,2,2,1,A,0
43900,Arenaria grandiflora L.,Grossbluetiges Sandkraut,Sabline a grandes fleurs,Arenaria grandiflora,4,VU,1,1,2,1,0,A,0
44100,Arenaria marschlinsii W. D. J. Koch,Salis-Marschlins' Sandkraut,Sabline de Salis-Marschlins,Arenaria di Salis-Marschlins,4,NT,2,0,0,1,0,0,0
44600,Aristolochia clematitis L.,Gewoehnliche Osterluzei,Aristoloche clematite,Aristolochia clematite,3,EN,1,1,0,1,0,A,A
44800,Aristolochia rotunda L.,Rundblaettrige Osterluzei,Aristoloche arrondie,Aristolochia rotonda,3,EN,1,2,2,2,1,0,0
45100,Armeria alpina var. purpurea (W. D. J. Koch) E. Baumann,Purpur-Grasnelke,Armeria purpurin,Spillone palustre,1,RE,3,2,2,2,1,0,C
45200,Armeria arenaria (Pers.) Schult.,Wegerichartige Grasnelke,Armeria des sables,Spillone lanceolato,3,EN,1,2,2,2,1,0,0
45800,Arnoseris minima (L.) Schweigg. & Koerte,Laemmerlattich,Arnoseris minime,Radicchio dei montoni,2,RE,1,99,0,0,0,0,D
46500,Artemisia borealis Pall.,Nordischer Beifuss,Armoise septentrionale,Assenzio nano,3,VU,2,1,0,1,0,0,0
47200,Artemisia glacialis L.,Gletscher-Edelraute,Armoise des glaciers,Assenzio genepí nero,3,NT,3,0,0,1,0,0,0
47500,Artemisia nivalis Braun-Blanq.,Schnee-Edelraute,Armoise des neiges,Assenzio nivale,1,EN,4,2,1,1,0,0,0
47800,Artemisia vallesiaca All.,Walliser Wermut,Armoise du Valais,Assenzio del Vallese,3,NT,3,0,0,1,0,0,0
49000,Asparagus tenuifolius Lam.,Zartblaettriger Spargel,Asperge a feuilles etroites,Asparago selvatico,4,VU,1,1,1,1,0,0,0
49300,Asperula arvensis L.,Acker-Waldmeister,Asperule des champs,Stellina dei campi,2,CR,1,2,0,2,1,A,A
49700,Asperula tinctoria L.,Faerber-Waldmeister,Asperule des teinturiers,Stellina tintoria,3,EN,1,2,1,2,1,A,A
49800,Asphodelus albus Mill.,Affodill,Asphodele blanc,Asfodelo montano,4,VU,1,2,2,2,1,0,0
50100,Asplenium billotii F. W. Schultz,Billots Streifenfarn,Asplenium de Billot,Asplenio lanceolato,1,CR,2,2,1,2,1,0,0
50300,Asplenium cuneifolium Viv.,Keilblaettriger Streifenfarn,Asplenium a feuilles en coin,Asplenio del serpentino,4,VU,1,1,0,1,0,0,0
50600,Asplenium foreziense Magnier,Foreser-Streifenfarn,Asplenium du Forez,Asplenio foresiaco,2,EN,2,2,1,2,1,0,0
50800,Asplenium onopteris L.,Spitzer Streifenfarn,Asplenium onopteris,Asplenio maggiore,4,VU,1,1,1,1,0,0,D
53800,Astragalus exscapus L.,Stengelloser Tragant,Astragale sans tige,Astragalo nano,4,NT,2,1,0,1,0,0,0
54200,Astragalus leontinus Wulfen,Tiroler Tragant,Astragale de Lienz,Astragalo di Lienz,4,LC,3,0,0,1,0,0,0
57800,Baldellia ranunculoides (L.) Parl.,Igelschlauch,Baldellie commune,Mestolaccia ranuncoloide,1,CR,2,2,2,2,1,B,A
58000,Ballota nigra L. subsp. nigra,Schwarzer Gottvergess,Ballote noire,Marrubio selvatico,4,VU,1,1,0,1,0,A,A
58400,Barbarea stricta Andrz.,Steife Winterkresse,Barbaree raide,Erba di Santa Barbara stretta,4,VU,1,1,1,1,0,0,A
60200,Betula humilis Schrank,Niedrige Birke,Bouleau peu eleve,Betulla umile,1,CR,2,2,2,2,1,0,A
60300,Betula nana L.,Zwerg-Birke,Bouleau nain,Betulla nana,3,VU,2,1,1,1,0,A,B
60800,Bidens cernua L.,Nickender Zweizahn,Bident penche,Forbicina intera,4,VU,1,1,1,1,0,A,A
61200,Bidens radiata Thuill.,Strahlender Zweizahn,Bident rayonnant,Forbicina raggiante,2,CR,1,2,1,2,1,A,A
61800,Biscutella cichoriifolia Loisel.,Wegwartenblaettriges Brillenschoetchen,Lunetiere a feuilles de chicoree,Biscutella maggiore,2,EN,2,2,1,2,1,0,0
62300,Blackstonia acuminata (W. D. J. Koch & Ziz) Domin,Spaetbluehender Bitterling,Blackstonie acuminee,Centauro acuminato,2,EN,2,2,2,2,1,D,A
62400,Blackstonia perfoliata (L.) Huds.,Gewoehnlicher Bitterling,Blackstonie perfoliee,Centauro giallo,4,VU,1,1,1,1,0,A,A
62900,Bolboschoenus maritimus aggr.,Strandried,Bolboschoenus maritime,Lisca marittima,2,CR,1,2,1,2,1,D,A
63200,Botrychium lanceolatum (S. G. Gmel.) Ångstr.,Lanzettliche Mondraute,Botryche lanceole,Botrichio lanceolato,1,CR,2,2,2,2,1,0,C
63400,Botrychium matricariifolium (Doell) W. D. J. Koch,aestige Mondraute,Botryche a feuilles de matricaire,Botrichio ramoso,1,CR,2,2,2,1,0,0,C
63500,Botrychium multifidum (S. G. Gmel.) Rupr.,Vielspaltige Mondraute,Botryche multifide,Botrichio multifido,1,CR,2,2,2,1,0,0,0
63600,Botrychium simplex E. Hitchc.,Einfache Mondraute,Botryche simple,Botrichio minore,1,CR,2,2,2,1,0,0,0
63700,Botrychium virginianum (L.) Sw.,Virginische Mondraute,Botryche de Virginie,Botrichio virginiano,1,CR,2,2,2,2,1,0,0
65300,Bromus arvensis L.,Acker-Trespe,Brome des champs,Forasacco dei campi,4,VU,1,1,0,1,0,A,A
65530,Bromus commutatus Schrad. subsp. commutatus,Verwechselte Trespe,Brome confondu,Forasacco allungato,4,VU,1,1,0,1,0,A,A
65800,Bromus erectus subsp. condensatus (Hack.) Asch. & Graebn.,Zusammengezogene Trespe,Brome condense,Forasacco denso,4,NT,2,1,0,1,0,0,0
65900,Bromus grossus DC.,Dickaehrige Trespe,Brome a gros epillets,Forasacco del farro,2,CR,1,2,1,2,1,A,A
66200,Bromus japonicus Thunb.,Japanische Trespe,Brome du Japon,Forasacco patente,4,VU,1,1,0,1,0,A,A
66550,Bromus racemosus L.,Gewoehnliche Trauben-Trespe,Brome en grappe,Forasacco palustre,3,EN,1,1,0,1,0,A,A
67000,Bromus secalinus L.,Roggen-Trespe,Brome du seigle,Forasacco delle messi,4,VU,1,1,0,1,0,A,A
67500,Bryonia alba L.,Weisse Zaunruebe,Bryone blanche,Brionia bianca,2,RE,1,99,0,0,0,C,B
67800,Bufonia paniculata Dubois,Buffonie,Bufonie paniculee,Buffonia paniculata,3,EN,1,2,2,2,1,0,0
68200,Bunias erucago L.,Acker-Zackenschoetchen,Bunias fausse roquette,Cascellore comune,2,CR,1,1,1,1,0,D,B
69600,Bupleurum longifolium L.,Langblaettriges Hasenohr,Buplevre a longues feuilles,Bupleuro con foglie lunghe,4,VU,1,2,1,2,1,A,A
70100,Bupleurum ranunculoides subsp. caricinum (DC.) Arcang.,Grasblaettriges Hasenohr,Buplevre a feuilles de graminees,Bupleuro falso-carice,4,NT,2,0,0,1,0,0,0
70200,Bupleurum rotundifolium L.,Rundblaettriges Hasenohr,Buplevre a feuilles rondes,Bupleuro perfogliato,3,EN,1,2,0,2,1,A,A
70400,Butomus umbellatus L.,Schwanenblume,Butome en ombelle,Giunco fiorito,4,VU,1,1,1,1,0,A,A
70700,Calamagrostis canescens (F. H. Wigg.) Roth,Lanzettliches Reitgras,Calamagrostide blanchatre,Cannella delle torbiere,4,VU,1,1,1,1,0,A,A
71100,Calamagrostis phragmitoides Hartm.,Purpur-Reitgras,Calamagrostide pourpre,Cannella purpurea,3,EN,1,2,2,2,1,0,0
71200,Calamagrostis pseudophragmites (Haller f.) Koeler,Schilfaehnliches Reitgras,Calamagrostide roseau,Cannella spondicola,4,VU,1,1,1,1,0,C,A
71300,Calamagrostis stricta (Timm) Koeler,uebersehenes Reitgras,Calamagrostide raide,Cannella rigida,2,CR(PE),1,99,0,0,0,0,D
71600,Calamintha ascendens Jord.,Aufsteigende Bergminze,Sarriette ascendante,Mentuccia ascendente,4,VU,1,1,1,1,0,A,A
72300,Caldesia parnassifolia (L.) Parl.,Caldesie,Caldesie a feuilles de parnassie,Mestolaccia minore,1,RE,2,99,1,1,0,0,D
72400,Calendula arvensis L.,Acker-Ringelblume,Souci des champs,Fiorrancio selvatico,4,VU,1,1,0,1,0,A,A
72700,Calla palustris L.,Drachenwurz,Calla des marais,Calla palustre,3,EN,1,2,2,2,1,0,A
72800,Callianthemum coriandrifolium Rchb.,Schmuckblume,Calliantheme a feuilles de coriandre,Ranuncolo con foglie di coriandro,3,VU,2,1,0,1,0,0,0
73000,Callitriche cophocarpa Sendtn.,Stumpffruechtiger Wasserstern,Callitriche a fruits obtus,Gamberaia polimorfa,4,VU,1,1,1,1,0,A,A
73200,Callitriche obtusangula Le Gall,Stumpfkantiger Wasserstern,Callitriche a angles obtus,Gamberaia ottusa,2,CR,1,2,1,2,1,0,A
73400,Callitriche platycarpa Kuetz.,Flachfruechtiger Wasserstern,Etoile d'eau a fruits plats,Gamberaia appiattita,4,VU,1,1,1,1,0,A,A
74100,Camelina alyssum (Mill.) Thell.,Gezaehnter Leindotter,Cameline alysson,Dorella dentata,2,RE,1,99,0,0,0,D,D
74200,Camelina microcarpa DC.,Kleinfruechtiger Leindotter,Cameline a petits fruits,Dorella minore,4,VU,1,1,0,1,0,A,A
74750,Campanula bertolae Colla,Bertolas Glockenblume,Campanule de Bertola,Campanula di Bertola,3,EN,1,1,1,1,0,0,0
74800,Campanula bononiensis L.,Bologneser Glockenblume,Campanule de Bologne,Campanula bolognese,4,VU,1,1,1,1,0,0,0
75000,Campanula cenisia L.,Mont-Cenis-Glockenblume,Campanule du Mont Cenis,Campanula del Moncenisio,4,LC,3,0,0,1,0,0,0
75100,Campanula cervicaria L.,Borstige Glockenblume,Campanule cervicaire,Campanula ruvida,3,EN,1,2,2,1,0,D,A
75500,Campanula excisa Murith,Ausgeschnittene Glockenblume,Campanule incisee,Campanula incisa,4,LC,3,0,0,1,0,0,0
77000,Campanula rhomboidalis L.,Rautenblaettrige Glockenblume,Campanule a feuilles rhomboïdales,Campanula romboidale,4,LC,3,0,0,1,0,A,A
78400,Cardamine asarifolia L.,Haselwurzblaettriges Schaumkraut,Cardamine a feuilles d'asaret,Billeri rotondifoglio,4,VU,1,1,1,1,0,0,0
78550,Cardamine dentata Schult.,Gezaehntblaettriges Schaumkraut,Cardamine dentee,Cardamine dentata,4,VU,1,1,1,1,0,A,A
79200,Cardamine matthioli Moretti,Matthiolis Schaumkraut,Cardamine de Matthiole,Billeri di Matthioli,3,EN,1,2,2,2,1,0,0
80400,Cardamine rivularis Schur,Bach-Schaumkraut,Cardamine des ruisseaux,Billeri delle ripe,4,NT,2,0,0,1,0,0,A
80500,Cardamine trifolia L.,Dreiblaettriges Schaumkraut,Cardamine a trois folioles,Billeri a tre foglie,4,VU,1,2,1,2,1,A,A
80600,Cardamine udicola Jord.,Moor-Schaumkraut,Cardamine des lieux humides,Billeri delle torbiere,4,VU,1,1,1,1,0,0,A
81200,Carduus acanthoides L.,Weg-Distel,Chardon faux acanthe,Cardo branca orsina,2,CR,1,1,0,1,0,A,A
81700,Carduus defloratus subsp. crassifolius (Willd.) Hayek,Dickblaettrige Distel,Chardon a feuilles epaisses,Cardo a foglie grasse,4,NT,2,0,0,1,0,0,0
83600,Carex atrofusca Schkuhr,Schwarzrote Segge,Laiche rouge noiratre,Carice rosso-nerastra,3,VU,2,1,1,1,0,0,0
83700,Carex austroalpina Bech.,Suedalpine Segge,Laiche des Alpes meridionales,Carice sudalpina,3,VU,2,1,0,1,0,0,0
83800,Carex baldensis L.,Monte-Baldo-Segge,Laiche du Mont Baldo,Carice candida,2,VU,3,1,1,1,0,0,0
83900,Carex bicolor All.,Zweifarbige Segge,Laiche a deux couleurs,Carice bicolore,4,NT,2,1,0,1,0,0,0
84000,Carex bohemica Schreb.,Boehmische Segge,Laiche de Boheme,Carice boema,2,CR,1,2,2,2,1,A,B
84500,Carex buxbaumii Wahlenb.,Buxbaums Segge,Laiche de Buxbaum,Carice di Buxbaum,4,VU,1,1,1,1,0,B,A
85000,Carex cespitosa L.,Rasen-Segge,Laiche gazonnante,Carice cespitosa,3,EN,1,2,2,2,1,A,C
85100,Carex chordorrhiza L. f.,Fadenwurzelige Segge,Laiche a longs rhizomes,Carice a rizomi allungati,2,EN,2,2,2,2,1,A,A
85900,Carex depauperata With.,Armbluetige Segge,Laiche appauvrie,Carice impoverita,3,EN,1,2,2,2,1,0,0
86000,Carex diandra Schrank,Draht-Segge,Laiche a tige arrondie,Carice tondeggiante,4,VU,1,1,1,1,0,A,A
86200,Carex dioica L.,Zweihaeusige Segge,Laiche dioïque,Carice dioica,4,VU,1,1,1,1,0,A,A
87300,Carex fimbriata Schkuhr,Gefranste Segge,Laiche frangee,Carice sfrangiata,3,NT,3,0,1,1,0,0,0
88400,Carex hartmanii Cajander,Hartmans Segge,Laiche de Hartman,Carice di Hartman,3,EN,1,2,2,2,1,0,A
88500,Carex heleonastes L. f.,Torf-Segge,Laiche des tourbieres,Carice delle torbiere,2,EN,2,2,2,2,1,A,C
88900,Carex juncella (Fr.) Th. Fr.,Binsenartige Segge,Laiche faux jonc,Carice giuncolina,3,VU,2,1,1,1,0,0,0
89200,Carex lasiocarpa Ehrh.,Behaartfruechtige Segge,Laiche a utricules velus,Carice a frutto pubescente,4,VU,1,1,1,1,0,A,A
89900,Carex maritima Gunnerus,Binsenblaettrige Segge,Laiche a feuilles de jonc,Carice giunchifoglia,3,VU,2,1,1,1,0,0,0
90200,Carex microglochin Wahlenb.,Kleinhakige Segge,Laiche a petite arete,Carice appuntita,3,VU,2,1,1,1,0,0,0
90900,Carex norvegica Retz.,Norwegische Segge,Laiche de Norvege,Carice norvegese,3,VU,2,2,1,2,1,0,0
92600,Carex praecox Schreb.,Fruehe Segge,Laiche precoce,Carice serpeggiante,3,EN,1,2,2,2,1,D,C
92900,Carex pseudocyperus L.,Cypergras-Segge,Laiche faux souchet,Carice falso cipero,4,VU,1,1,1,1,0,A,A
93200,Carex punctata Gaudin,Punktierte Segge,Laiche ponctuee,Carice punteggiata,4,VU,1,1,1,1,0,0,A
95100,Carex vaginata Tausch,Scheiden-Segge,Laiche engainante,Carice guainata,3,VU,2,1,1,1,0,0,0
95500,Carex vulpina L.,Fuchsfarbene Segge,Laiche des renards,Carice volpina,3,EN,1,2,2,2,1,A,A
96800,Carpesium cernuum L.,Kragenblume,Carpesium penche,Capo chino comune,3,EN,1,2,2,2,1,0,D
97000,Carthamus lanatus L.,Saflor,Carthame laineux,Zafferanone selvatico,2,CR(PE),1,99,0,0,0,D,D
97300,Catabrosa aquatica (L.) P. Beauv.,Quellgras,Catabrosa aquatique,Gramignone di palude,4,VU,1,1,1,1,0,A,A
97700,Caucalis platycarpos L.,Moehren-Haftdolde,Caucalis a fruits larges,Lappola carota,4,VU,1,1,0,1,0,A,A
99000,Centaurea jacea subsp. gaudinii (Boiss. & Reut.) Gremli,Hellschuppige Flockenblume,Centauree de Gaudin,Fiordaliso di Gaudin,3,VU,2,1,1,1,0,0,0
99300,Centaurea nemoralis Jord.,Schwarze Flockenblume,Centauree des bois,Fiordaliso boschivo,3,EN,1,2,2,2,1,A,A
99800,Centaurea pseudophrygia C. A. Mey.,Peruecken-Flockenblume,Centauree a perruque,Fiordaliso frangiato,4,VU,1,1,1,1,0,0,0
99900,Centaurea rhaetica Moritzi,Raetische Flockenblume,Centauree rhetique,Fiordaliso retico,2,VU,3,1,1,1,0,0,0
100600,Centaurea splendens L.,Glaenzende Flockenblume,Centauree luisante,Fiordaliso cicalino,4,VU,1,1,0,1,0,0,0
100651,Centaurea stoebe L. subsp. stoebe,Rheinische Flockenblume,Centauree stoebe,Fiordaliso renano,4,VU,1,1,0,1,0,0,A
101100,Centaurea valesiaca (DC.) Jord.,Walliser Rispen-Flockenblume,Centauree du Valais,Fiordaliso del Vallese,3,NT,3,0,0,1,0,0,0
101300,Centaurium pulchellum (Sw.) Druce,Kleines Tausendgueldenkraut,Petite centauree elegante,Centauro elegante,4,VU,1,2,1,2,1,A,A
101500,Centranthus angustifolius (Mill.) DC.,Schmalblaettrige Spornblume,Centranthe a feuilles etroites,Camarezza a foglia sottile,3,EN,1,2,1,1,0,A,0
102100,Cephalaria alpina (L.) Roem. & Schult.,Alpen-Schuppenkopf,Cephalaire des Alpes,Vedovina alpina,4,NT,2,1,0,1,0,A,0
102900,Cerastium austroalpinum Kunz,Suedalpines Hornkraut,Ceraiste des Alpes meridionales,Peverina di Carinzia,2,VU,3,1,0,1,0,0,0
103100,Cerastium brachypetalum subsp. tenoreanum (Ser.) Soó,Tenores Hornkraut,Ceraiste de Tenore,Peverina di Tenore,4,VU,1,1,0,1,0,B,B
104600,Cerastium pedunculatum Gaudin,Langstieliges Hornkraut,Ceraiste a longs pedoncules,Peverina delle morene,4,LC,3,0,0,1,0,0,0
105600,Ceratophyllum submersum L.,Glattes Hornblatt,Cornifle submerge,Ceratofillo sommerso,3,EN,1,2,2,2,1,A,A
106600,Chaerophyllum elegans Gaudin,Zierlicher Kaelberkropf,Cherophylle elegant,Cerfoglio elegante,2,VU,3,1,1,1,0,0,0
107200,Chamaecytisus hirsutus (L.) Link,Rauhhaariger Zwergginster,Petit-cytise herisse,Citiso peloso,4,VU,1,1,1,1,0,0,0
107400,Chamaecytisus supinus (L.) Link,Niedriger Zwergginster,Petit cytise couche,Citiso supino,4,VU,1,1,1,1,0,D,0
108600,Chenopodium botrys L.,Druesiger Gaensefuss,Chenopode botryde,Farinello botri,4,VU,1,1,0,1,0,B,C
109400,Chenopodium murale L.,Mauer-Gaensefuss,Chenopode des murs,Farinello murale,3,EN,1,1,0,1,0,C,A
109500,Chenopodium opulifolium Schrad.,Schneeballblaettriger Gaensefuss,Chenopode a feuilles d'obier,Farinello con foglie di viburno,2,CR(PE),1,99,0,0,0,D,B
109800,Chenopodium rubrum L.,Roter Gaensefuss,Chenopode rouge,Farinello rosso,4,VU,1,1,0,1,0,A,A
110000,Chenopodium urbicum L.,Staedte-Gaensefuss,Chenopode des agglomerations,Farinello pie d'oca,3,EN,1,1,0,1,0,0,D
110100,Chenopodium vulvaria L.,uebelriechender Gaensefuss,Chenopode puant,Farinello puzzolente,3,EN,1,1,0,1,0,D,A
110200,Chimaphila umbellata (L.) W. P. C. Barton,Winterlieb,Chimaphile ombellee,Piroletta ad ombrella,2,RE,1,99,1,1,0,0,B
110300,Chondrilla chondrilloides (Ard.) H. Karst.,Alpen-Knorpelsalat,Chondrille des torrents,Lattugaccio dei torrenti,3,EN,1,2,1,1,0,0,A
113300,Cicuta virosa L.,Wasserschierling,Ciguee aquatique,Cicuta acquatica,3,EN,1,2,2,2,1,A,A
113900,Cirsium canum (L.) All.,Weissgraue Kratzdistel,Cirse cendre,Cardo biancheggiante,1,CR,2,2,2,2,1,0,0
115400,Cirsium tuberosum (L.) All.,Knollige Kratzdistel,Cirse tubereux,Cardo tuberoso,4,VU,1,1,1,1,0,A,A
115600,Cistus salviifolius L.,Cistrose,Ciste a feuilles de sauge,Brentina,3,VU,2,1,2,2,1,0,0
115900,Cleistogenes serotina (L.) Keng,Steifhalm,Cleistogenes tardif,Paleo tardivo,4,VU,1,1,1,1,0,0,0
116700,Clypeola jonthlaspi L.,Schildkraut,Clypeole jonthlaspi,Clipeola,4,VU,1,1,0,1,0,0,0
116900,Cnidium silaifolium (Jacq.) Simonk.,Brenndolde,Cnide a feuilles de silauem,Carvifoglio dei boschi,4,VU,1,1,1,1,0,0,0
117100,Cochlearia pyrenaica DC.,Pyrenaeen-Loeffelkraut,Cranson des Pyrenees,Coclearia pirenaica,3,VU,2,2,2,2,1,0,0
117250,Coincya cheiranthos (Vill.) Greuter & Burdet,Lacksenf,Chou giroflee,Senape violaciocca,2,CR(PE),1,99,0,0,0,0,B
118700,Consolida regalis Gray,Acker-Rittersporn,Dauphinelle consoude,Speronella consolida,4,VU,1,1,0,1,0,A,A
120200,Coronilla minima L.,Kleine Kronwicke,Petite coronille,Cornetta minima,4,VU,1,1,1,1,0,0,0
120800,Coronopus squamatus (Forssk.) Asch.,Niederliegender Kraehenfuss,Coronope ecailleux,Erba stella,3,EN,1,2,0,2,1,B,A
120900,Corrigiola litoralis L.,Hirschsprung,Corrigiole des greves,Corriggiola litorale,2,CR(PE),1,99,0,0,0,0,A
121300,Corydalis lutea (L.) DC.,Gelber Lerchensporn,Corydale jaune,Colombina gialla,4,LC,3,0,0,1,0,0,0
123700,Crepis froelichiana Froel.,Froelichs Pippau,Crepide de Froelich,Radicchiella di Froelich,1,EN,3,2,2,2,1,0,0
124500,Crepis praemorsa (L.) Walther,Trauben-Pippau,Crepide rongee,Radicchiella siberiana,4,VU,1,1,1,1,0,A,A
124900,Crepis rhaetica Hegetschw.,Raetischer Pippau,Crepide rhetique,Radicchiella retica,3,NT,3,0,0,1,0,0,0
125400,Crepis tectorum L.,Dach-Pippau,Crepide des toits,Radicchiella dei tetti,4,VU,1,1,0,1,0,A,A
126400,Cruciata pedemontana (Bellardi) Ehrend.,Piemonteser Kreuzlabkraut,Croisette du Piemont,Crocettona piemontese,4,VU,1,1,1,1,0,0,0
126500,Crupina vulgaris Cass.,Schlupfsame,Crupine commune,Crupina comune,3,VU,2,1,0,1,0,0,C
127700,Cuscuta epilinum Weihe,Flachs-Seide,Cuscute du lin,Cuscuta strozzalino,2,RE,1,99,0,0,0,C,A
129500,Cynosurus echinatus L.,Stacheliges Kammgras,Cretelle herissee,Covetta comune,3,EN,1,1,0,1,0,D,A
129700,Cyperus flavescens L.,Gelbliches Cypergras,Souchet jaunatre,Zigolo dorato,4,VU,1,2,0,2,1,D,A
129800,Cyperus fuscus L.,Schwarzbraunes Cypergras,Souchet brun noiratre,Zigolo nero,4,VU,1,2,0,2,1,A,A
129900,Cyperus glomeratus L.,Knaeueliges Cypergras,Souchet agglomere,Zigolo ferrugineo,2,CR,1,2,2,2,1,0,D
130000,Cyperus longus L.,Langaestiges Cypergras,Souchet long,Zigolo comune,3,EN,1,2,1,2,1,A,A
130100,Cyperus michelianus (L.) Delile,Michelis Cypergras,Souchet de Micheli,Zigolo del Micheli,2,RE,1,99,0,0,0,0,0
130200,Cyperus rotundus L.,Knolliges Cypergras,Souchet rond,Zigolo infestante,3,EN,1,2,1,2,1,0,0
130300,Cyperus serotinus Rottb.,Spaetbluehendes Cypergras,Souchet tardif,Zigolo tardivo,2,RE,1,99,0,0,0,0,0
130400,Cypripedium calceolus L.,Frauenschuh,Sabot de Venus,Pianelle della Madonna,4,VU,1,2,1,2,1,A,A
131100,Cytisus decumbens (Durande) Spach,Niederliegender Geissklee,Cytise rampant,Citiso sdraiato,2,EN,2,2,2,2,1,A,C
131200,Cytisus emeriflorus Rchb.,Strauchwicken-Geissklee,Cytise a fleurs d'hippocrepide emerus,Citiso insubrico,1,EN,3,2,2,2,1,0,0
132100,Dactylorhiza cruenta (O. F. Muell.) Soó,Blutrotes Knabenkraut,Orchis couleur de sang,Orchide sanguigna,3,VU,2,2,2,2,1,0,0
132360,Dactylorhiza incarnata subsp. ochroleuca (Boll) P. F. Hunt & Summerh.,Hellgelbes Knabenkraut,Orchis jaunatre,Orchide bianco-gialla,3,EN,1,2,2,2,1,0,A
132500,Dactylorhiza lapponica (Hartm.) Soó,Lapplaendisches Knabenkraut,Orchis de Laponie,Orchide della Lapponia,4,NT,2,0,0,1,0,0,A
132620,Dactylorhiza maculata (L.) Soó subsp. maculata,Gewoehnliches Geflecktes Knabenkraut,Orchis tachete,Orchide macchiata,4,VU,1,1,1,1,0,A,0
132900,Dactylorhiza traunsteineri (Rchb.) Soó,Traunsteiners Knabenkraut,Orchis de Traunsteiner,Orchide di Traunsteiner,4,NT,2,0,0,1,0,A,A
133000,Danthonia alpina Vest,Traubenhafer,Danthonie des Alpes,Danthonia maggiore,3,EN,1,2,1,2,1,0,0
133400,Daphne cneorum L.,Flaumiger Seidelbast,Daphne camelee,Dafne odorosa,4,VU,1,1,2,2,1,A,A
135000,Deschampsia littoralis (Gaudin) Reut.,Strand-Schmiele,Canche des rives,Migliarino prolifero,1,CR,3,2,2,2,1,A,A
135900,Dianthus deltoides L.,Heide-Nelke,Oeillet a delta,Garofano minore,4,VU,1,1,0,1,0,A,A
136100,Dianthus gratianopolitanus Vill.,Grenobler Nelke,Oeillet de Grenoble,Garofano di Grenoble,3,VU,2,1,1,1,0,A,A
136830,Dianthus superbus L. subsp. superbus,Pracht-Nelke,Oeillet superbe,Garofano a pennacchio,4,VU,1,1,1,1,0,A,A
137000,Dictamnus albus L.,Diptam,Dictame blanc,Dittamo,4,VU,1,1,1,1,0,A,A
138100,Diphasiastrum ×issleri (Rouy) Holub,Isslers Flachbaerlapp,Lycopode d'Issler,Licopodio di Issler,2,EN,2,1,1,1,0,0,0
137900,Diphasiastrum complanatum (L.) Holub,Gemeiner Flachbaerlapp,Lycopode aplati,Licopodio spianato,2,EN,2,2,2,2,1,0,A
138000,Diphasiastrum tristachyum (Pursh) Holub,Zypressen-Flachbaerlapp,Lycopode petit cypres,Licopodio cipressino,1,RE,2,99,1,2,1,0,C
140100,Doronicum pardalianches L.,Kriechende Gemswurz,Doronic pardalianche,Doronico medicinale,4,VU,1,1,1,1,0,A,A
140200,Dorycnium germanicum (Gremli) Rikli,Deutscher Backenklee,Dorycnium d'Allemagne,Trifoglino di Germania,3,VU,2,1,1,1,0,0,0
140300,Dorycnium herbaceum Vill.,Krautiger Backenklee,Dorycnium herbace,Trifoglino erbaceo,3,EN,1,2,2,2,1,0,0
140900,Draba hoppeana Rchb.,Hoppes Hungerbluemchen,Drave de Hoppe,Draba di Hoppe,4,LC,3,0,0,1,0,0,0
141000,Draba incana L.,Graues Felsenbluemchen,Drave blanchatre,Draba di Berna,1,CR,2,2,2,1,0,0,0
141100,Draba ladina Braun-Blanq.,Engadiner Felsenbluemchen,Drave ladine,Draba ladina,2,VU,3,1,1,2,1,0,0
141300,Draba nemorosa L.,Hain-Felsenbluemchen,Drave jaunatre,Draba dei boschi,4,NT,2,0,0,1,0,0,0
141550,Draba thomasii W. D. J. Koch,Langgriffliges Felsenbluemchen,Drave a long style,Draba grigia,4,NT,2,0,0,1,0,0,0
141700,Dracocephalum austriacum L.,oesterreichischer Drachenkopf,Dracocephale d'Autriche,Melissa austriaca,3,VU,2,2,2,2,1,0,0
141800,Dracocephalum ruyschiana L.,Nordischer Drachenkopf,Dracocephale de Ruysch,Melissa di Ruysch,4,NT,2,2,2,2,1,0,0
142400,Drosera ×obovata Mert. & W. D. J. Koch,Breitblaettriger Sonnentau,Rossolis a feuilles obovales,Drosera a foglie ovali,4,VU,1,1,1,1,0,A,A
142000,Drosera anglica Huds.,Langblaettriger Sonnentau,Rossolis d'Angleterre,Drosera a foglie allungate,4,VU,1,1,1,1,0,A,A
142100,Drosera intermedia Hayne,Mittlerer Sonnentau,Rossolis intermediaire,Drosera intermedia,3,EN,1,2,2,2,1,A,A
143200,Dryopteris cristata (L.) A. Gray,Kamm-Wurmfarn,Dryopteris a cretes,Felce pettinata,3,VU,2,1,2,2,1,A,A
144300,Echinops sphaerocephalus L.,Kugeldistel,Echinops a tete ronde,Cardo pallottola maggiore,4,VU,1,1,0,1,0,C,B
144600,Elatine alsinastrum L.,Quirliger Taennel,Elatine fausse alsine,Pepe d'acqua maggiore,2,RE,1,99,0,0,0,0,C
144700,Elatine hexandra (Lapierre) DC.,Sechsmaenniger Taennel,Elatine a six etamines,Pepe d'acqua a sei stami,2,CR,1,2,1,2,1,C,D
144800,Elatine hydropiper L.,Wasserpfeffer-Taennel,Elatine poivre d'eau,Pepe d'acqua ad otto stami,2,CR,1,2,1,2,1,0,0
145000,Eleocharis acicularis (L.) Roem. & Schult.,Nadelried,Heleocharis epingle,Giunchina aghiforme,4,VU,1,2,1,2,1,A,A
145100,Eleocharis atropurpurea (Retz.) C. Presl,Schwarzrotes Sumpfried,Heleocharis pourpre noir,Giunchina minore,2,RE,1,99,0,0,0,0,C
145400,Eleocharis mamillata H. Lindb.,Zitzen-Sumpfried,Heleocharis a tetons,Giunchina mammellonata,4,VU,1,1,1,1,0,A,A
145600,Eleocharis ovata (Roth) Roem. & Schult.,Eifoermiges Sumpfried,Heleocharis ovale,Giunchina ovata,3,EN,1,2,2,2,1,A,A
146000,Eleocharis uniglumis (Link) Schult.,Einspelziges Sumpfried,Heleocharis a une ecaille,Giunchina con una brattea,4,VU,1,1,1,1,0,A,A
146800,Empetrum nigrum L. subsp. nigrum,Schwarze Kraehenbeere,Camarine noire,Moretta palustre,3,EN,1,1,2,1,0,A,0
147000,Ephedra helvetica C. A. Mey.,Schweizerisches Meertraeubchen,Ephedre de Suisse,Efedra svizzera,2,VU,3,1,1,1,0,0,0
148100,Epilobium duriaei Godr.,Durieus Weidenroeschen,epilobe de Durieu,Garofanino di Durieu,4,VU,1,99,0,0,0,A,0
148500,Epilobium lanceolatum Sebast. & Mauri,Lanzettblaettriges Weidenroeschen,epilobe lanceole,Garofanino lanceolato,2,CR,1,2,1,1,0,0,A
149655,Epipactis fageticola (C. E. Hermos.) J. Devillers-Tersch. & P. Devillers,Buchen-Stendelwurz,epipactis des hetres,Elleborina dei faggi,4,VU,1,1,1,1,0,A,A
150350,Epipactis placentina Bongiorni & Gruenanger,Piacenza-Staendelwurz,epipactis de Plaisance,Elleborina di Piacenza,3,EN,1,1,2,1,0,0,0
150450,Epipactis rhodanensis Gevaudan & Robatsch,Rhone-Staendelwurz,epipactis du Rhône,Elleborina del Rodano,4,VU,1,1,1,1,0,A,A
150500,Epipogium aphyllum Sw.,Widerbart,Epipogon sans feuilles,Epipogio,4,VU,1,1,1,1,0,A,A
151700,Equisetum ×trachyodon A. Braun,Rauhzaehniger Schachtelhalm,Prele a dents rudes,Equiseto con denti ruvidi,4,VU,1,1,1,1,0,D,A
152700,Erica vagans L.,Wanderheide,Bruyere vagabonde,Erica vagabonda,2,RE,1,99,0,0,0,0,B
154400,Erigeron gaudinii Bruegger,Gaudins Berufkraut,Vergerette de Gaudin,Cespica di Gaudin,4,NT,2,0,0,1,0,0,0
155300,Eriophorum gracile Roth,Schlankes Wollgras,Linaigrette grele,Pennacchi gracili,3,EN,1,2,2,2,1,C,A
157200,Eryngium alpinum L.,Alpendistel,Chardon bleu,Calcatreppola alpina,3,VU,2,2,2,2,1,A,0
157300,Eryngium campestre L.,Feld-Mannstreu,Panicaut champetre,Calcatreppola campestre,3,EN,1,2,1,2,1,D,A
158200,Erysimum ochroleucum (Schleich.) DC.,Blassgelber Schotendotter,Erysimum jaune pale,Violaciocca giallastra,4,VU,1,1,1,1,0,A,D
158500,Erysimum rhaeticum (Hornem.) DC.,Schweizer Schoeterich,Velar de Suisse,Violaciocca svizzera,4,LC,3,0,0,1,0,0,0
158700,Erysimum virgatum Roth,Steifer Schotendotter,Erysimum en baguette,Violaciocca montana,2,VU,3,1,1,1,0,A,A
159600,Euphorbia carniolica Jacq.,Krainer Wolfsmilch,Euphorbe de Carniole,Euforbia penzola,4,VU,1,1,1,1,0,0,0
160100,Euphorbia falcata L.,Sichelblaettrige Wolfsmilch,Euphorbe en faux,Euforbia falcata,3,EN,1,1,0,1,0,D,A
160800,Euphorbia palustris L.,Sumpf-Wolfsmilch,Euphorbe des marais,Euforbia lattaiola,4,VU,1,1,1,1,0,A,A
162200,Euphrasia christii Gremli,Christs Augentrost,Euphraise de Christ,Eufrasia di Christ,3,NT,3,2,2,2,1,0,0
162300,Euphrasia cisalpina Pugsley,Tessiner Augentrost,Euphraise du Tessin,Eufrasia cisalpina,2,VU,3,2,1,2,1,0,0
165100,Falcaria vulgaris Bernh.,Sicheldolde,Falcaire commune,Falcaria comune,2,CR,1,2,2,2,1,A,A
168400,Festuca norica (Hack.) K. Richt.,Norischer Schwingel,Fetuque norique,Festuca austriaca,4,NT,2,0,0,1,0,0,0
170900,Festuca stenantha (Hack.) K. Richt.,Schmalbluetiger Schwingel,Fetuque a fleurs etroites,Festuca della Carnia,4,VU,1,1,0,1,0,0,0
171300,Festuca ticinensis (Markgr.-Dann.) Markgr.-Dann.,Tessiner Schwingel,Fetuque du Tessin,Festuca ticinese,4,VU,1,2,1,2,1,0,0
172300,Filago arvensis L.,Acker-Fadenkraut,Cotonniere des champs,Bambagia campestre,4,VU,1,2,1,2,1,D,A
172400,Filago gallica L.,Franzoesisches Fadenkraut,Cotonniere de France,Bambagia francese,2,RE,1,99,0,0,0,D,D
172600,Filago lutescens Jord.,Gelbliches Fadenkraut,Cotonniere jaunatre,Bambagia rossastra,2,CR,1,2,1,2,1,D,D
172700,Filago minima (Sm.) Pers.,Kleines Fadenkraut,Cotonniere naine,Bambagia minima,3,EN,1,2,1,2,1,D,D
172800,Filago pyramidata L.,Spatelblaettriges Fadenkraut,Cotonniere pyramidale,Bambagia spatolata,2,CR,1,2,1,2,1,D,A
172900,Filago vulgaris Lam.,Gewoehnliches Fadenkraut,Cotonniere commune,Bambagia germanica,3,EN,1,2,1,2,1,A,A
173200,Filipendula vulgaris Moench,Knollige Spierstaude,Filipendule a six petales,Olmaria peperina,4,VU,1,2,1,2,1,A,A
173300,Fimbristylis annua (All.) Roem. & Schult.,Fransenried,Fimbristylis annuel,Zigolo annuale,2,RE,1,99,0,0,0,0,0
173700,Fragaria moschata Duchesne,Moschus-Erdbeere,Fraisier musque,Fragola moscata,4,VU,1,1,1,1,0,A,A
174400,Fritillaria meleagris L.,Gewoehnliche Schachblume,Damier,Meleagride comune,3,EN,1,2,2,2,1,A,0
175300,Fumaria schleicheri Soy.-Will.,Schleichers Erdrauch,Fumeterre de Schleicher,Fumaria di Schleicher,4,VU,1,1,0,1,0,C,A
175400,Fumaria vaillantii Loisel.,Vaillants Erdrauch,Fumeterre de Vaillant,Fumaria di Vaillant,4,VU,1,1,0,1,0,A,A
175800,Gagea minima (L.) Ker Gawl.,Kleiner Gelbstern,Gagee naine,Cipollaccio minore,3,VU,2,1,1,1,0,0,0
175900,Gagea pratensis (Pers.) Dumort.,Wiesen-Gelbstern,Gagee des pres,Cipollaccio dei prati,2,CR,1,2,2,2,1,A,A
176000,Gagea saxatilis (Mert. & W. D. J. Koch) Schult. & Schult. f.,Felsen-Gelbstern,Gagee des rochers,Cipollaccio delle rupi,4,VU,1,1,1,1,0,0,0
176100,Gagea villosa (M. Bieb.) Sweet,Acker-Gelbstern,Gagee velue,Cipollaccio dei campi,3,EN,1,2,1,1,0,A,A
176900,Galeopsis segetum Neck.,Gelber Hohlzahn,Galeopsis des moissons,Canapetta campestre,3,EN,1,2,1,1,0,A,A
177000,Galeopsis speciosa Mill.,Bunter Hohlzahn,Galeopsis splendide,Canapetta screziata,4,VU,1,1,0,1,0,D,A
178300,Galium glaucum L.,Blaugruener Waldmeister,Gaillet glauque,Caglio glauco,4,VU,1,2,1,2,1,A,A
178600,Galium laevigatum L.,Glattes Labkraut,Gaillet lisse,Caglio levigato,4,NT,2,0,0,1,0,0,0
180200,Galium saxatile L.,Herzynisches Labkraut,Gaillet des rochers,Caglio delle pietraie,1,EN,3,2,2,2,1,0,0
180300,Galium spurium L.,Falsches Kletten-Labkraut,Gaillet batard,Caglio campestre,4,VU,1,1,0,1,0,A,A
180500,Galium tricornutum Dandy,Dreihoerniges Labkraut,Gaillet a trois cornes,Caglio coriandolino,3,EN,1,1,0,1,0,D,A
180600,Galium triflorum Michx.,Dreibluetiges Labkraut,Gaillet a trois fleurs,Caglio a tre fiori,3,VU,2,1,2,2,1,0,0
181300,Gaudinia fragilis (L.) P. Beauv.,aehrenhafer,Gaudinie fragile,Forasacchino,2,CR,1,1,1,1,0,D,A
181700,Genista pilosa L.,Behaarter Ginster,Genet poilu,Ginestra tubercolosa,4,VU,1,1,1,1,0,A,0
181800,Genista radiata (L.) Scop.,Kugelginster,Genet rayonnant,Ginestra stellata,4,NT,2,0,0,1,0,0,0
182400,Gentiana amarella L.,Bitterer Enzian,Gentiane amere,Genziana amarella,2,EN,2,2,2,2,1,0,0
182600,Gentiana anisodonta Borbas,Ungleichzaehniger Enzian,Gentiane a dents inegales,Genziana delle Dolomiti,3,EN,1,1,1,1,0,0,0
182800,Gentiana aspera Hegetschw.,Rauher Enzian,Gentiane rude,Genziana irsuta,3,NT,3,0,0,1,0,0,0
183600,Gentiana cruciata L.,Kreuzblaettriger Enzian,Gentiane croisette,Genziana minore,4,VU,1,1,1,1,0,A,A
183700,Gentiana engadinensis (Wettst.) Braun-Blanq. & Sam.,Engadiner Enzian,Gentiane d'Engadine,Genziana d'Engadina,3,NT,3,0,0,1,0,0,0
183800,Gentiana germanica Willd.,Deutscher Enzian,Gentiane d'Allemagne,Genziana germanica,4,VU,1,1,1,1,0,A,A
183900,Gentiana insubrica Kunz,Insubrischer Enzian,Gentiane d'Insubrie,Genziana insubrica,2,VU,3,2,2,2,1,0,0
184500,Gentiana pannonica Scop.,Ostalpen-Enzian,Gentiane de Hongrie,Genziana rossigna,2,VU,3,1,1,1,0,0,0
184600,Gentiana pneumonanthe L.,Lungen-Enzian,Gentiane des marais,Genziana mettinborsa,4,VU,1,1,1,2,1,A,A
184700,Gentiana prostrata Haenke,Niederliegender Enzian,Gentiane couchee,Genziana a dieci punte,2,EN,2,1,2,2,1,0,0
185000,Gentiana ramosa Hegetschw.,Reichaestiger Enzian,Gentiane rameuse,Genziana ramosa,4,LC,3,0,0,1,0,0,0
185100,Gentiana schleicheri (Vacc.) Kunz,Schleichers Enzian,Gentiane de Schleicher,Genziana di Schleicher,3,NT,3,0,0,1,0,0,0
187000,Geranium bohemicum L.,Boehmischer Storchschnabel,Geranium de Boheme,Geranio di Boemia,1,CR,2,1,0,1,0,0,0
187300,Geranium divaricatum Ehrh.,Spreizender Storchschnabel,Geranium divarique,Geranio divaricato,3,EN,1,2,1,2,1,0,A
188700,Geranium rivulare Vill.,Blassbluetiger Storchschnabel,Geranium blanc,Geranio dei rivi,4,NT,2,0,0,1,0,0,0
189900,Gladiolus imbricatus L.,Busch-Gladiole,Glaïeul imbrique,Gladiolo piemontese,2,EN,2,2,2,2,1,0,0
190000,Gladiolus italicus Mill.,Italienische Gladiole,Glaïeul des moissons,Gladiolo dei campi,2,CR,1,2,2,2,1,0,0
190100,Gladiolus palustris Gaudin,Sumpf-Gladiole,Glaïeul des marais,Gladiolo reticolato,3,EN,1,2,2,2,1,0,A
190400,Glaucium flavum Crantz,Gelber Hornmohn,Glauciere jaune,Papavero cornuto,2,CR(PE),1,99,0,0,0,D,B
191400,Glyceria declinata Breb.,Blaugruenes Suessgras,Glycerie inclinee,Gramignone atlantico,3,EN,1,2,1,2,1,B,A
191600,Glyceria maxima (Hartm.) Holmb.,Grosses Suessgras,Grande glycerie,Gramignone maggiore,4,VU,1,2,1,2,1,A,A
192300,Gnaphalium luteoalbum L.,Gelblichweisses Ruhrkraut,Gnaphale blanc jaunatre,Canapicchia pagliata,4,VU,1,0,0,1,0,A,A
193000,Gratiola officinalis L.,Gnadenkraut,Gratiole officinale,Graziella,4,VU,1,2,2,2,1,C,A
193600,Gypsophila muralis L.,Acker-Gipskraut,Gypsophile des murailles,Gipsofila minuta,3,EN,1,2,0,2,1,A,A
193900,Hammarbya paludosa (L.) Kuntze,Weichwurz,Hammarbya des marais,Hammarbia,2,CR,1,2,2,2,1,0,D
194400,Helianthemum apenninum (L.) Mill.,Apenninen-Sonnenroeschen,Heliantheme des Apennins,Eliantemo degli Appennini,4,VU,1,1,1,1,0,0,0
194500,Helianthemum canum (L.) Hornem.,Graufilziges Sonnenroeschen,Heliantheme blanchatre,Eliantemo candido,4,VU,1,1,1,1,0,A,0
195500,Helianthemum salicifolium (L.) Mill.,Weidenblaettriges Sonnenroeschen,Heliantheme a feuilles de saule,Eliantemo annuale,3,EN,1,2,2,2,1,0,0
198200,Heracleum austriacum L.,oesterreichische Baerenklau,Berce d'Autriche,Panace austriaco,2,VU,3,1,1,1,0,0,0
198700,Heracleum sphondylium subsp. alpinum (L.) Bonnier & Layens,Jura-Baerenklau,Berce du Jura,Panace del Giura,4,LC,3,0,0,1,0,A,0
199100,Herminium monorchis (L.) R. Br.,Einorchis,Orchis musc,Orchide ad un bulbo,4,VU,1,1,1,1,0,A,A
199700,Heteropogon contortus (L.) Roem. & Schult.,Gedrehtgranniges Bartgras,Heteropogon tordu,Trebbia contorta,4,VU,1,1,1,1,0,0,0
199800,Hieracium alpicola Steud. & Hochst.,Seidenhaariges Habichtskraut,eperviere alpicole,Sparviere delle Alpi,4,NT,2,0,0,1,0,0,0
200400,Hieracium bauhinii Schult.,Bauhins Habichtskraut,eperviere de Bauhin,Sparviere di Bauhin,4,VU,1,1,1,1,0,D,A
200800,Hieracium caespitosum Dumort.,Wiesen-Habichtskraut,eperviere gazonnante,Sparviere palustre,3,EN,1,1,1,1,0,A,A
206100,Hierochloë odorata (L.) P. Beauv.,Duftendes Mariengras,Hierochloe odorant,Avena odorata,2,EN,2,2,2,2,1,A,C
208100,Hordeum secalinum Schreb.,Knotige Gerste,Orge noueuse,Orzo perenne,2,RE,1,99,0,0,0,D,D
208600,Hottonia palustris L.,Wasserfeder,Hottonie des marais,Erba scopina,3,EN,1,2,2,2,1,A,A
208700,Hugueninia tanacetifolia (L.) Rchb.,Farnrauke,Hugueninie a feuilles de tanaisie,Hugueninia comune,2,VU,3,1,1,1,0,0,0
209300,Hydrocharis morsus-ranae L.,Froschbiss,Hydrocharis des grenouilles,Morso di Rana,3,EN,1,2,2,2,1,A,A
209400,Hydrocotyle vulgaris L.,Wassernabel,Ecuelle d'eau,Soldinella acquatica,4,VU,1,1,1,1,0,D,A
209500,Hymenolobus pauciflorus (W. D. J. Koch) Schinz & Thell.,Armbluetige Salzkresse,Hymenolobe pauciflore,Iberidella minore,3,EN,1,1,0,1,0,0,0
209700,Hyoscyamus niger L.,Bilsenkraut,Jusquiame noire,Giusquiamo nero,4,VU,1,1,0,1,0,C,A
211300,Hypericum pulchrum L.,Schoenes Johanniskraut,Millepertuis elegant,Erba di San Giovanni occidentale,4,VU,1,1,1,1,0,A,A
211900,Hypochaeris glabra L.,Sand-Ferkelkraut,Porcelle glabre,Costolina liscia,2,CR(PE),1,99,0,0,0,0,0
212500,Iberis amara L.,Bitterer Bauernsenf,Iberis amer,Iberide bianca,3,EN,1,2,1,2,1,A,A
212600,Iberis intermedia Guers.,Mittlerer Bauernsenf,Iberis intermediaire,Iberide rosea,2,CR,1,2,1,1,0,A,0
212900,Iberis pinnata L.,Fiederblaettriger Bauernsenf,Iberis penne,Iberide pennata,2,RE,1,99,0,0,0,D,D
213000,Iberis saxatilis L.,Felsen-Bauernsenf,Iberis des rochers,Iberide rupestre,3,VU,2,1,1,1,0,A,0
213400,Illecebrum verticillatum L.,Knorpelblume,Illecebre verticille,Corriggiola verticillata,2,CR(PE),1,99,0,0,0,0,0
214000,Inula britannica L.,Wiesen-Alant,Inule britannique,Enula laurentiana,3,EN,1,2,2,2,1,D,A
214500,Inula helvetica Weber,Schweizerischer Alant,Inule de Suisse,Enula svizzera,2,VU,3,2,2,2,1,A,A
214600,Inula hirta L.,Rauher Alant,Inule herissee,Enula scabra,3,EN,1,2,2,2,1,A,A
214900,Inula spiraeifolia L.,Sparriger Alant,Inule a feuilles de spiree,Enula uncinata,3,EN,1,2,2,2,1,0,0
215200,Iris graminea L.,Grasblaettrige Schwertlilie,Iris graminee,Giaggiolo susinario,4,VU,1,1,1,1,0,0,0
215600,Iris sibirica L.,Sibirische Schwertlilie,Iris de Siberie,Giaggiolo siberiano,4,VU,1,1,1,1,0,A,A
216500,Isoëtes echinospora Durieu,Stachelsporiges Brachsenkraut,Isoete a spores herissees,Calamaria setacea,2,CR,1,2,2,2,1,0,D
216600,Isoëtes lacustris L.,See-Brachsenkraut,Isoete des lacs,Calamaria lacustre,3,VU,2,2,1,1,0,0,0
216300,Isolepis setacea (L.) R. Br.,Moorried,Isolepis setace,Lisca setacea,4,VU,1,2,1,2,1,A,A
216400,Isopyrum thalictroides L.,Muschelbluemchen,Isopyre commun,Isopiro comune,4,VU,1,2,2,2,1,0,A
218000,Juncus arcticus Willd.,Arktische Binse,Jonc arctique,Giunco artico,4,NT,2,0,0,1,0,0,0
218300,Juncus bulbosus L.,Knollen-Binse,Jonc bulbeux,Giunco bulboso,3,EN,1,2,2,2,1,A,A
218400,Juncus capitatus Weigel,Loessacker-Binse,Jonc capite,Giunco a capolino,2,CR,1,2,2,2,1,A,D
218500,Juncus castaneus Sm.,Kastanienbraune Binse,Jonc marron,Giunco castano,3,VU,2,2,2,2,1,0,0
219500,Juncus sphaerocarpus Nees,Kugelfruechtige Binse,Jonc a fruits globuleux,Giunco a frutti globosi,1,CR,2,2,2,2,1,0,0
219600,Juncus squarrosus L.,Sparrige Binse,Jonc rude,Giunco delle torbiere,3,EN,1,2,2,2,1,D,D
219700,Juncus stygius L.,Moor-Binse,Jonc du Styx,Giunco dello Styx,1,CR,2,2,2,2,1,0,C
219900,Juncus tenageia L. f.,Schlamm-Binse,Jonc des marais,Giunco delle pozze,2,CR,1,2,2,2,1,0,D
221800,Knautia drymeia Heuff.,Ungarische Witwenblume,Knautie des chenaies,Ambretta dei querceti,4,LC,3,0,0,1,0,0,0
221900,Knautia godetii Reut.,Godets Witwenblume,Knautie de Godet,Ambretta di Godet,4,VU,1,1,1,1,0,A,0
222100,Knautia purpurea (Vill.) Borbas,Purpur-Witwenblume,Knautie pourpre,Ambretta purpurea,4,VU,1,1,1,1,0,0,0
222400,Knautia transalpina (Christ) Briq.,Ennetbirgische Witwenblume,Knautie transalpine,Ambretta sudalpina,2,VU,3,1,0,1,0,0,0
222700,Kobresia simpliciuscula (Wahlenb.) Mack.,Schuppenried,Cobresia simple,Cobresia,4,NT,2,0,0,1,0,0,0
224500,Lactuca saligna L.,Weiden-Lattich,Laitue a feuilles de saule,Lattuga salcigna,3,EN,1,1,0,1,0,A,A
224900,Lactuca viminea (L.) J. Presl & C. Presl,Ruten-Lattich,Laitue effilee,Lattuga alata,4,VU,1,1,0,1,0,0,0
226100,Lamium hybridum Vill.,Schlitzblaettrige Taubnessel,Lamier hybride,Falsa ortica ibrida,4,VU,1,1,0,1,0,A,A
226600,Lappula deflexa (Wahlenb.) Garcke,Wald-Igelsame,Bardane reflechie,Lappolina incurvata,4,VU,1,1,0,1,0,0,C
227400,Laserpitium gaudinii Moretti,Gaudins Laserkraut,Laser de Gaudin,Laserpizio di Gaudin,4,LC,3,0,0,1,0,0,0
227500,Laserpitium halleri Crantz,Hallers Laserkraut,Laser de Haller,Laserpizio di Haller,4,LC,3,0,0,1,0,0,0
228000,Laserpitium prutenicum L.,Preussisches Laserkraut,Laser de Prusse,Laserpizio pimpinellino,3,EN,1,2,2,2,1,A,A
228900,Lathyrus aphaca L.,Ranken-Platterbse,Gesse sans feuilles,Cicerchia bastarda,3,EN,1,2,0,2,1,A,A
229000,Lathyrus bauhinii P. A. Genty,Schwertblaettrige Platterbse,Gesse de Bauhin,Cicerchia di Bauhin,1,CR,2,2,2,2,1,A,0
229100,Lathyrus cicera L.,Kicher-Platterbse,Gesse chiche,Cicerchia cicerchiella,2,CR,1,2,0,2,1,D,D
229400,Lathyrus hirsutus L.,Behaartfruechtige Platterbse,Gesse herissee,Cicerchia pelosa,3,EN,1,2,0,2,1,B,A
230100,Lathyrus nissolia L.,Gras-Platterbse,Gesse nissole,Cicerchia semplice,2,CR,1,2,2,2,1,A,A
230300,Lathyrus palustris L.,Sumpf-Platterbse,Gesse des marais,Cicerchia palustre,4,VU,1,2,1,2,1,D,A
230700,Lathyrus sphaericus Retz.,Kugelsamige Platterbse,Gesse a graines spheriques,Cicerchia sferica,4,VU,1,1,1,1,0,0,A
230900,Lathyrus tuberosus L.,Knollige Platterbse,Gesse tubereuse,Cicerchia tuberosa,4,VU,1,1,0,1,0,A,A
231100,Lathyrus venetus (Mill.) Wohlf.,Venezianische Platterbse,Gesse de Venetie,Cicerchia veneta,3,EN,1,2,2,2,1,0,0
231800,Leersia oryzoides (L.) Sw.,Wilder Reis,Leersie faux riz,Riso selvatico,4,VU,1,1,1,1,0,A,A
231900,Legousia hybrida (L.) Delarbre,Kleiner Venusspiegel,Legousie hybride,Specchio di Venere ondulato,2,CR,1,2,0,2,1,A,B
232000,Legousia speculum-veneris (L.) Chaix,Gemeiner Venusspiegel,Legousie miroir de Venus,Specchio di Venere comune,4,VU,1,1,0,1,0,A,A
232200,Lemna gibba L.,Bucklige Wasserlinse,Lentille d'eau bossue,Lenticchia d'acqua spugnosa,2,CR,1,2,0,2,1,0,A
232800,Leontodon crispus Vill.,Krauser Loewenzahn,Liondent crepu,Dente di leone crespo,3,EN,1,2,2,2,1,D,0
233900,Leontodon incanus subsp. tenuiflorus (Gaudin) Schinz & R. Keller,Schmalblaettriger Loewenzahn,Liondent a petites fleurs,Dente di leone insubrico,3,NT,3,0,0,1,0,0,0
234700,Leonurus cardiaca L.,Herzheil,Agripaume cardiaque,Cardiaca comune,3,EN,1,2,1,2,1,A,A
236500,Leucanthemum halleri (Vitman) Ducommun,Hallers Margerite,Marguerite de Haller,Margherita di Haller,4,LC,3,0,0,1,0,0,0
236600,Leucanthemum heterophyllum (Willd.) DC.,Verschiedenblaettrige Margerite,Leucantheme a feuilles differentes,Margherita sudalpina,2,VU,3,1,0,1,0,0,0
237000,Leucojum aestivum L.,Spaetbluehende Knotenblume,Niveole d'ete,Campanelle maggiori,2,EN,2,2,2,2,1,A,A
237600,Ligusticum lucidum Mill.,Seguiers Liebstock,Ligustique luisante,Motellina lucida,2,EN,2,1,1,1,0,0,0
238200,Lilium bulbiferum L. subsp. bulbiferum,Bulbillentragende Feuerlilie,Lis a bulbilles,Giglio di San Giovanni,4,VU,1,1,0,1,0,0,0
238300,Lilium bulbiferum subsp. croceum (Chaix) Baker,Safranfarbene Feuerlilie,Lis safrane,Giglio cróceo,4,NT,2,0,0,1,0,A,A
238700,Limosella aquatica L.,Schlammkraut,Limoselle aquatique,Limosella,2,CR,1,2,2,2,1,A,A
239000,Linaria alpina subsp. petraea (Jord.) Rouy,Stein-Leinkraut,Linaire des rochers,Linaiola delle pietraie,3,NT,3,2,2,2,1,A,C
240400,Lindernia procumbens (Krock.) Borbas,Buechsenkraut,Lindernie couchee,Vandellia palustre,2,CR,1,2,2,2,1,C,C
240900,Linum austriacum L.,oesterreichischer Lein,Lin d'Autriche,Lino d'Austria,4,NT,2,0,0,1,0,A,A
241800,Liparis loeselii (L.) Rich.,Zwiebelorchis,Liparis de Loesel,Liparide,4,VU,1,1,2,2,1,0,A
242400,Littorella uniflora (L.) Asch.,Strandling,Littorelle uniflore,Littorella,3,EN,1,2,2,2,1,A,A
242900,Lolium remotum Schrank,Flachs-Lolch,Ivraie a epillets espaces,Loglio del lino,2,CR(PE),1,99,0,0,0,D,C
243000,Lolium rigidum Gaudin,Steifer Lolch,Ivraie raide,Loglio rigido,4,VU,1,1,0,1,0,D,A
243100,Lolium temulentum L.,Taumel-Lolch,Ivraie enivrante,Loglio ubriacante,2,CR,1,1,1,1,0,C,B
243200,Lomatogonium carinthiacum (Wulfen) Rchb.,Saumnarbe,Lomatogonium de Carinthie,Genzianella di Carinzia,3,EN,1,2,2,2,1,0,0
243300,Lomelosia graminifolia (L.) Greuter & Burdet,Grasblaettrige Skabiose,Lomelosie a feuilles de graminee,Vedovina strisciante,4,VU,1,1,1,1,0,0,0
243700,Lonicera etrusca Santi,Toskanisches Geissblatt,Chevrefeuille de Toscane,Caprifoglio etrusco,4,NT,2,0,0,1,0,0,0
245300,Ludwigia palustris (L.) Elliott,Heusenkraut,Ludwigie des marais,Porracchia dei fossi,2,CR,1,2,2,2,1,0,A
249400,Lycopodiella inundata (L.) Holub,Moorbaerlapp,Lycopode inonde,Licopodio inondato,4,VU,1,1,1,1,0,D,A
251700,Lysimachia thyrsiflora L.,Strauss-Gilbweiderich,Lysimaque a fleurs en thyrse,Mazza d'oro tirsiflora,4,VU,1,2,2,2,1,A,A
251900,Lythrum hyssopifolia L.,Ysop-Weiderich,Lythrum a feuilles d'hysope,Salcerella con foglie d'issopo,2,CR,1,2,2,2,1,D,A
252000,Lythrum portula (L.) D. A. Webb,Sumpfquendel,Lythrum pourpier,Salcerella erba portula,3,EN,1,2,2,2,1,A,A
252600,Malaxis monophyllos (L.) Sw.,Einblatt,Malaxis a une feuille,Microstile,4,VU,1,1,1,1,0,0,0
253800,Marrubium vulgare L.,Andorn,Marrube commun,Marrubio comune,3,EN,1,1,0,1,0,C,A
253900,Marsilea quadrifolia L.,Kleefarn,Marsilee a quatre feuilles,Trifoglio acquatico comune,2,CR,1,2,2,2,1,A,A
254500,Matteuccia struthiopteris (L.) Tod.,Straussfarn,Fougere autruche,Felce penna di struzzo,4,VU,1,1,1,1,0,0,B
254700,Matthiola valesiaca Boiss.,Walliser Levkoje,Violier du Valais,Violaciocca alpina,2,VU,3,2,2,1,0,0,0
256200,Melampyrum arvense L.,Acker-Wachtelweizen,Melampyre des champs,Spigarola campestre,4,VU,1,1,1,1,0,A,A
256400,Melampyrum nemorosum L.,Hain-Wachtelweizen,Melampyre des bois,Spigarola violacea,2,EN,2,2,2,2,1,A,A
257000,Melica transsilvanica Schur,Siebenbuergisches Perlgras,Melique de Transsylvanie,Melica di Transilvania,4,VU,1,1,1,1,0,0,0
258300,Mentha pulegium L.,Polei-Minze,Menthe pouliot,Menta poleggio,3,EN,1,2,1,2,1,0,A
259000,Mercurialis ovata Sternb. & Hoppe,Eiblaettriges Bingelkraut,Mercuriale a feuilles ovales,Mercorella ovale,3,VU,2,1,1,1,0,0,0
259200,Mespilus germanica L.,Mispel,Neflier d'Allemagne,Nespolo volgare,4,VU,1,1,1,1,0,A,A
259300,Meum athamanticum Jacq.,Baerenwurz,Fenouil des Alpes,Finocchiello,4,VU,1,1,1,1,0,A,A
259500,Micropus erectus L.,Falzblume,Micrope dresse,Bambagia senza pappo,2,CR,1,2,1,2,1,0,D
259600,Micropyrum tenellum (L.) Link,Kies-Duennschwanz,Fetuque delicate,Festuca annuale,2,CR(PE),1,99,0,0,0,0,D
260300,Minuartia biflora (L.) Schinz & Thell.,Zweibluetige Miere,Minuartie a deux fleurs,Minuartia biflora,4,LC,3,0,0,1,0,0,0
260400,Minuartia capillacea (All.) Graebn.,Feinblaettrige Miere,Minuartie a feuilles capillaires,Minuartia capillare,4,VU,1,1,0,1,0,A,0
260600,Minuartia cherlerioides subsp. rionii (Gremli) Friedrich,Behaarte Polster-Miere,Minuartie coussinet,Minuartia di Rion,2,VU,3,1,1,2,1,0,0
261900,Minuartia stricta (Sw.) Hiern,Steife Miere,Minuartie raide,Minuartia rigida,2,RE,1,99,0,0,0,D,0
262200,Minuartia viscosa (Schreb.) Schinz & Thell.,Klebrige Miere,Minuartie visqueuse,Minuartia vischiosa,1,EN,3,1,2,1,0,0,D
262300,Misopates orontium (L.) Raf.,Feldloewenmaul,Misopates orontium,Gallinetta comune,4,VU,1,1,0,1,0,A,A
263100,Moenchia erecta (L.) G. Gaertn. & al.,Vierzaehlige Weissmiere,Moenchie dressee,Peverina eretta,2,RE,1,99,0,0,0,0,0
263200,Moenchia mantica (L.) Bartl.,Fuenfzaehlige Weissmiere,Moenchie de Verone,Peverina di Mantico,3,EN,1,2,2,2,1,D,D
264100,Montia fontana L. subsp. fontana,Bach-Quellkraut,Montie des fontaines,Pendolino delle fonti,4,VU,1,2,2,2,1,0,0
264200,Montia fontana subsp. amporitana Sennen,Portugiesisches Quellkraut,Montie d'Ampurias,Pendolino lusitanico,2,CR(PE),1,99,0,0,0,0,0
264300,Montia fontana subsp. chondrosperma (Fenzl) Walters,Acker-Quellkraut,Montie a graines cartilagineuses,Pendolino minore,2,CR,1,2,1,2,1,0,D
265200,Muscari botryoides (L.) Mill.,Hellblaue Bisamhyazinthe,Muscari botryoïde,Muscari azzurro,4,VU,1,1,1,1,0,A,A
266000,Myosotis cespitosa Schultz,Rasiges Vergissmeinnicht,Myosotis gazonnant,Nontiscordardime dei canneti,4,VU,1,1,1,1,0,A,A
266200,Myosotis discolor Pers.,Farbwechselndes Vergissmeinnicht,Myosotis versicolore,Nontiscordardime cangiante,3,EN,1,2,1,2,1,A,A
266360,Myosotis minutiflora Boiss. & Reut.,Kleinbluetiges Vergissmeinnicht,Myosotis a fleurs minuscules,Nontiscordardime a fiori minuti,3,VU,2,0,0,1,0,A,0
266700,Myosotis rehsteineri Wartm.,Bodensee-Vergissmeinnicht,Myosotis de Rehsteiner,Nontiscordardime di Rehsteiner,1,EN,3,2,2,2,1,0,A
267400,Myosurus minimus L.,Maeuseschwanz,Myosure minime,Coda di topo,2,CR,1,2,2,2,1,D,A
267500,Myricaria germanica (L.) Desv.,Tamariske,Tamarin d'Allemagne,Tamerici alpino,4,VU,1,2,2,2,1,D,A
267600,Myriophyllum alterniflorum DC.,Armbluetiges Tausendblatt,Myriophylle a fleurs alternes,Millefoglio d'acqua gracile,3,EN,1,2,2,2,1,0,0
268200,Najas flexilis (Willd.) Rostk. & W. L. E. Schmidt,Biegsames Nixenkraut,Naïade flexible,Ranocchina flessibile,2,RE,1,99,1,1,0,0,D
268500,Najas minor All.,Kleines Nixenkraut,Petite naïade,Ranocchina minore,3,EN,1,2,1,2,1,0,A
269400,Narcissus ×verbanensis (Herb.) M. Roem.,Langensee-Narzisse,Narcisse du Lac Majeur,Narciso del Lago Maggiore,2,VU,3,1,1,1,0,0,0
269800,Nasturtium microphyllum (Boenn.) Rchb.,Kleinblaettrige Brunnenkresse,Cresson a petites feuilles,Crescione tetraploide,3,EN,1,2,2,2,1,D,A
270200,Nepeta cataria L.,Echte Katzenminze,Herbe aux chats,Erba dei gatti,3,EN,1,1,0,1,0,B,A
270400,Nepeta nuda L.,Kahle Katzenminze,Nepeta glabre,Gattaia glabra,3,VU,2,1,1,1,0,0,0
270695,Neslia paniculata (L.) Desv.,Kugelfruechtiges Ackernuesschen,Neslie paniculee,Neslia comune,3,EN,1,2,0,2,1,0,A
271300,Nigella arvensis L.,Acker-Schwarzkuemmel,Nigelle des champs,Damigella campestre,2,CR,1,2,2,1,0,A,A
271450,Nigritella austriaca (Teppner & E. Klein) P. Delforge,oesterreicher Maennertreu,Nigritelle d'Autriche,Nigritella austriaca,4,VU,1,2,1,2,1,A,0
271800,Nigritella rubra (Wettst.) K. Richt.,Rotes Maennertreu,Nigritelle rouge,Nigritella rossa,4,NT,2,0,0,1,0,0,0
272200,Notholaena marantae (L.) Desv.,Pelzfarn,Cheilanthes de Maranta,Felcetta lanosa,3,EN,1,1,2,2,1,0,0
272400,Nuphar pumila (Timm) DC.,Kleine Teichrose,Nenufar nain,Ninfea minore,1,EN,3,2,2,2,1,0,A
273150,Odontites vernus (Bellardi) Dumort.,Frueher Roter Zahntrost,Odontites du printemps,Perlina rossa,3,EN,1,1,0,1,0,A,A
273400,Odontites viscosus (L.) Clairv.,Klebriger Zahntrost,Odontites visqueux,Perlina vischiosa,3,VU,2,1,1,1,0,0,0
273500,Odontites vulgaris Moench,Spaeter Roter Zahntrost,Odontites tardif,Perlina tardiva,4,VU,1,1,0,1,0,A,A
273600,Oenanthe aquatica (L.) Poir.,Wasserfenchel,Oenanthe aquatique,Finocchio acquatico cicutario,3,EN,1,2,2,2,1,A,A
273700,Oenanthe fistulosa L.,Roehrige Rebendolde,Oenanthe fistuleuse,Finocchio acquatico tubuloso,3,EN,1,2,2,2,1,D,A
273900,Oenanthe lachenalii C. C. Gmel.,Lachenals Rebendolde,Oenanthe de Lachenal,Finocchio acquatico di Lachenal,2,CR,1,2,2,2,1,0,A
274000,Oenanthe peucedanifolia Pollich,Schmalblaettrige Rebendolde,Oenanthe a feuilles de peucedan,Finocchio acquatico napolino,2,CR,1,2,2,2,1,0,0
276900,Onopordum acanthium L.,Eselsdistel,Onoporde acanthe,Onopordo tomentoso,4,VU,1,1,0,1,0,A,A
277200,Onosma helvetica (A. DC.) Boiss.,Penninische Lotwurz,Onosma de Suisse,Viperina elvetica,1,EN,3,2,2,2,1,0,0
277400,Onosma pseudoarenaria Schur,Schweizer Lotwurz,Onosma du Valais,Viperina pseudoarenaria,3,VU,2,1,1,1,0,0,0
277900,Ophioglossum vulgatum L.,Natterzunge,Langue de serpent,Ofioglosso comune,4,VU,1,1,1,1,0,A,A
277950,Ophrys apifera Huds.,Bienen-Ragwurz,Ophrys abeille,Ofride fior delle Api,4,VU,1,1,1,1,0,A,A
278300,Ophrys araneola Rchb.,Spinnen-Ragwurz,Ophrys araignee precoce,Ofride verde-bruna minore,4,VU,1,1,1,1,0,A,A
278900,Ophrys holosericea (Burm. f.) Greuter subsp. holosericea,Hummel-Ragwurz,Ophrys bourdon,Ofride dei fuchi,4,VU,1,1,1,1,0,A,A
279000,Ophrys holosericea subsp. elatior (R. Engel & P. Quentin) H. Baumann & Kuenkele,Kleinbluetige Hummel-Ragwurz,Ophrys eleve,Ofride dei fuchi maggiore,3,EN,1,2,2,2,1,0,A
279100,Ophrys insectifera L.,Fliegen-Ragwurz,Ophrys mouche,Ofride insettifera,4,VU,1,1,1,1,0,A,A
279200,Ophrys sphegodes Mill.,Wespen-Ragwurz,Ophrys araignee,Ofride verde-bruna,3,EN,1,2,2,2,1,A,A
280000,Orchis coriophora L.,Wanzen-Orchis,Orchis punaise,Orchide cimicina,3,EN,1,2,2,2,1,D,A
280700,Orchis laxiflora Lam.,Lockerbluetige Orchis,Orchis a fleurs laches,Orchide acquatica,2,CR(PE),1,99,1,1,0,D,D
281100,Orchis morio L.,Kleine Orchis,Orchis bouffon,Orchide minore,4,VU,1,1,1,1,0,A,A
281200,Orchis pallens L.,Blasse Orchis,Orchis pale,Orchide pallida,4,VU,1,1,1,1,0,A,A
281300,Orchis palustris Jacq.,Sumpf-Orchis,Orchis des marais,Orchide palustre,4,VU,1,2,1,2,1,0,A
281400,Orchis papilionacea L.,Schmetterlingsbluetige Orchis,Orchis papillon,Orchide a farfalla,2,CR,1,1,2,1,0,0,0
281500,Orchis provincialis DC.,Provenzalische Orchis,Orchis de Provence,Orchide gialla,2,CR,1,2,1,2,1,0,0
281600,Orchis purpurea Huds.,Braunrote Orchis,Orchis pourpre,Orchide maggiore,4,VU,1,1,1,1,0,A,A
281800,Orchis simia Lam.,Affen-Orchis,Orchis singe,Orchide omiciattolo,4,VU,1,1,1,1,0,A,A
281900,Orchis spitzelii W. D. J. Koch,Spitzels Orchis,Orchis a corne courte,Orchide di Spitzel,1,CR,2,1,1,1,0,0,0
282100,Orchis tridentata Scop.,Dreizaehnige Orchis,Orchis a trois dents,Orchide screziata,4,VU,1,2,1,2,1,0,0
282700,Orlaya grandiflora (L.) Hoffm.,Breitsame,Orlaya a grandes fleurs,Lappola bianca,4,VU,1,1,0,1,0,A,A
283200,Ornithogalum nutans L.,Nickender Milchstern,Ornithogale penche,Latte di gallina a fiori penduli,4,VU,1,1,1,1,0,A,A
283900,Ornithopus perpusillus L.,Krallenklee,Pied d'oiseau,Uccellina minore,2,CR(PE),1,99,0,0,0,D,C
284100,Orobanche alsatica Kirschl. subsp. alsatica,Elsaessische Sommerwurz,Orobanche d'Alsace,Succiamele della Cervaria,3,EN,1,2,0,2,1,A,A
284150,Orobanche alsatica subsp. libanotidis (Rupr.) Pusch,Bartlings Sommerwurz,Orobanche du seseli,Succiamele della finocchiella,2,CR,1,2,0,2,1,A,0
284400,Orobanche arenaria Borkh.,Sand-Sommerwurz,Orobanche des sables,Succiamele della finocchiella,4,VU,1,1,1,1,0,0,A
284650,Orobanche bohemica Celak.,Boehmische Sommerwurz,Orobanche de Boheme,Succiamele della Boemia,4,VU,1,1,1,1,0,0,0
284900,Orobanche elatior Sutton,Flockenblumen-Wuerger,Orobanche elevee,v,3,EN,1,2,0,2,1,A,A
285100,Orobanche gracilis Sm.,Schlanke Sommerwurz,Orobanche grele,Succiamele rossastro,4,VU,1,1,1,1,0,A,A
285400,Orobanche laserpitii-sileris Jord.,Laserkraut-Sommerwurz,Orobanche du sermontain,Succiamele del laserpizio sermontano,4,NT,2,0,0,1,0,A,0
285600,Orobanche lucorum F. W. Schultz,Berberitzen-Sommerwurz,Orobanche de l'epine-vinette,Succiamele del crespino,3,EN,1,2,0,2,1,0,0
285700,Orobanche lutea Baumg.,Gelbe Sommerwurz,Orobanche jaune,Succiamele prataiolo,3,EN,1,2,0,2,1,A,A
286000,Orobanche picridis F. W. Schultz,Bitterkraut-Sommerwurz,Orobanche de la picride,Succiamele della aspraggine,2,CR,1,2,0,2,1,A,A
286100,Orobanche purpurea Jacq.,Violette Sommerwurz,Orobanche pourpre,Succiamele azzurro,4,VU,1,1,1,1,0,A,A
286200,Orobanche ramosa L.,aestige Sommerwurz,Orobanche rameuse,Succiamele ramoso,2,CR,1,2,0,2,1,D,C
286500,Orobanche salviae F. W. Schultz,Salbei-Sommerwurz,Orobanche de la sauge,Succiamele della salvia,3,EN,1,2,0,2,1,0,0
287000,Osmunda regalis L.,Koenigsfarn,Fougere royale,Felce florida,4,VU,1,1,1,1,0,0,D
288500,Oxytropis fetida (Vill.) DC.,Druesiger Spitzkiel,Oxytropis fetide,Astragalo vischioso,2,VU,3,1,0,1,0,0,0
289200,Oxytropis helvetica Scheele,Schweizerischer Spitzkiel,Oxytropis de Suisse,Astragalo di Gaudin,3,NT,3,0,0,1,0,0,0
289400,Oxytropis lapponica (Wahlenb.) J. Gay,Lapplaender Spitzkiel,Oxytropis de Laponie,Astragalo di Lapponia,4,LC,3,0,0,1,0,0,0
289500,Oxytropis neglecta Ten.,Suedalpiner Spitzkiel,Oxytropis neglige,Astragalo dei Pirenei,4,VU,1,1,0,1,0,0,0
290000,Paeonia officinalis L.,Pfingstrose,Pivoine officinale,Peonia selvatica,4,VU,1,1,1,2,1,0,0
290700,Papaver apulum Ten.,Apulischer Mohn,Pavot des Pouilles,Papavero pugliese,2,RE,1,99,0,0,0,0,0
290800,Papaver argemone L.,Sand-Mohn,Pavot argemone,Papavero selvatico,4,VU,1,1,0,1,0,B,B
291300,Papaver hybridum L.,Krummborstiger Mohn,Pavot hybride,Papavero spinoso,2,CR(PE),1,99,0,0,0,0,0
291600,Papaver occidentale (Markgr.) H. E. Hess & Landolt,Westlicher Alpen-Mohn,Pavot occidental,Papavero occidentale,3,NT,3,0,0,1,0,A,0
291900,Papaver sendtneri Hayek,Sendtners Alpen-Mohn,Pavot de Sendtner,Papavero di Sendtner,3,NT,3,0,0,1,0,0,0
293800,Pedicularis aspleniifolia Willd.,Farnblaettriges Laeusekraut,Pediculaire a feuilles d'asplenium,Pedicolare dei ghiaioni,3,NT,3,0,0,1,0,0,0
294300,Pedicularis gyroflexa Vill.,Bogenbluetiges Laeusekraut,Pediculaire arquee,Pedicolare spiralata,4,VU,1,1,0,1,0,0,0
294500,Pedicularis oederi Hornem.,Oeders Laeusekraut,Pediculaire d'Oeder,Pedicolare di Oeder,4,LC,3,0,0,1,0,0,0
295100,Pedicularis rostratospicata Crantz,Fleischrotes Laeusekraut,Pediculaire a bec et en epi,Pedicolare carnicina,4,LC,3,0,0,1,0,0,0
295300,Pedicularis sylvatica L.,Waldmoor-Laeusekraut,Pediculaire des forets,Pedicolare silvestre,4,VU,1,1,1,1,0,A,A
296760,Peucedanum austriacum subsp. rablense (Wulfen) Celak.,Raibler Haarstrang,Peucedan de Raible,Imperatoria del Raibl,3,VU,2,1,1,1,0,0,0
296800,Peucedanum carvifolia Vill.,Kuemmel-Haarstrang,Peucedan a feuilles de cumin,Imperatoria carvifoglia,4,VU,1,1,1,1,0,A,A
297600,Peucedanum venetum (Spreng.) W. D. J. Koch,Venezianischer Haarstrang,Peucedan de Venetie,Imperatoria veneta,4,VU,1,1,1,1,0,0,0
299800,Phleum paniculatum Huds.,Rispiges Lieschgras,Fleole paniculee,Codolina lima,3,EN,1,1,0,1,0,D,A
301300,Phyteuma hedraianthifolium Rich. Schulz,Raetische Rapunzel,Raiponce a feuilles d'edreanthe,Raponzolo rupestre,3,NT,3,1,0,1,0,0,0
301500,Phyteuma humile Gaudin,Niedrige Rapunzel,Raiponce naine,Raponzolo del Carestia,2,VU,3,1,1,1,0,0,0
302200,Phyteuma scorzonerifolium Vill.,Schwarzwurzelblaettrige Rapunzel,Raiponce a feuilles de scorsonere,Raponzolo a foglie di scorzonera,4,VU,1,1,1,1,0,0,0
303600,Pilularia globulifera L.,Pillenfarn,Pilulaire a globules,Pilularia comune,2,CR,1,2,2,2,1,C,A
304390,Pinguicula grandiflora Lam.,Grossbluetiges Fettblatt,Grassette a grandes fleurs,Erba-unta con grandi fiori,2,EN,2,2,2,2,1,A,0
306850,Pisum sativum subsp. biflorum (Raf.) Soldano,Wilde Erbse,Pois eleve,Pisello selvatico,4,VU,1,1,1,1,0,0,0
307100,Plantago arenaria Waldst. & Kit.,Sand-Wegerich,Plantain des sables,Piantaggine ramosa,3,EN,1,2,0,2,1,D,A
308200,Plantago sempervirens Crantz,Halbstrauchiger Wegerich,Plantain toujours vert,Piantaggine legnosa,2,RE,1,99,0,0,0,0,C
308900,Pleurospermum austriacum (L.) Hoffm.,Rippensame,Pleurosperme d'Autriche,Cicutina austriaca,4,VU,1,1,1,1,0,0,A
309300,Poa badensis Willd.,Badener Rispengras,Paturin de Baden,Fienarola di Baden,4,VU,1,1,0,1,0,A,0
310000,Poa glauca Vahl,Blaugruenes Rispengras,Paturin bleuatre,Fienarola glauca,4,LC,3,0,0,1,0,A,C
311000,Poa remota Forselles,Entferntaehriges Rispengras,Paturin a epillets espaces,Fienarola maggiore,4,VU,1,2,1,2,1,0,A
312100,Polycnemum arvense L.,Acker-Knorpelkraut,Polycneme des champs,Canforata selvatica,2,CR,1,2,1,2,1,B,D
312200,Polycnemum majus A. Braun,Grosses Knorpelkraut,Grand polycneme,Canforata maggiore,3,EN,1,2,1,2,1,A,A
312600,Polygala calcarea F. W. Schultz,Kalk-Kreuzblume,Polygale des sols calcaires,Poligala del calcare,3,EN,1,2,2,2,1,A,0
313000,Polygala pedemontana E. P. Perrier & B. Verl.,Suedalpen-Kreuzblume,Polygale du Piemont,Poligala piemontese,4,NT,2,1,0,1,0,0,0
315100,Polygonum lapathifolium subsp. brittingeri (Opiz) Jav.,Brittingers Knoeterich,Renouee de Brittinger,Poligono di Brittinger,2,RE,1,99,0,0,0,D,C
316000,Polypodium cambricum L.,Suedlicher Tuepfelfarn,Polypode du Pays de Galles,Polipodio del Galles,4,VU,1,1,0,1,0,0,0
316600,Polystichum braunii (Spenn.) Fee,Alex. Brauns Schildfarn,Polystic de Braun,Felce di Braun,4,NT,2,0,0,1,0,0,0
320500,Potamogeton ×angustifolius Bercht. & J. Presl,Schmalblaettriges Laichkraut,Potamot a feuilles etroites,Brasca a foglie strette,4,VU,1,1,1,1,0,A,A
320550,Potamogeton ×decipiens Nolte,Weidenblaettriges Laichkraut,Potamot a feuilles de saule,Brasca salicina,4,VU,1,1,1,1,0,A,A
320600,Potamogeton ×nitens Weber,Schimmerndes Laichkraut,Potamot brillant,Brasca splendente,4,VU,1,1,1,1,0,A,A
318000,Potamogeton acutifolius Link,Spitzblaettriges Laichkraut,Potamot a feuilles aiguees,Brasca acutifoglia,2,CR,1,2,2,2,1,A,A
318300,Potamogeton coloratus Hornem.,Gefaerbtes Laichkraut,Potamot colore,Lingua d'acqua arrossata,3,EN,1,2,2,2,1,D,A
318400,Potamogeton compressus L.,Plattstengliges Laichkraut,Potamot aplati,Brasca a caule compresso,2,CR(PE),1,99,0,0,0,C,C
318700,Potamogeton filiformis Pers.,Fadenfoermiges Laichkraut,Potamot filiforme,Brasca filiforme,4,VU,1,1,1,1,0,A,A
318800,Potamogeton friesii Rupr.,Fries' Laichkraut,Potamot de Fries,Brasca di Fries,3,EN,1,2,2,2,1,B,A
318900,Potamogeton gramineus L.,Grasblaettriges Laichkraut,Potamot graminee,Brasca ingrossata,4,VU,1,1,1,1,0,A,A
319000,Potamogeton helveticus (G. Fisch.) W. Koch,Schweizerisches Laichkraut,Potamot de Suisse,Brasca elvetica,3,EN,1,1,2,1,0,A,A
319300,Potamogeton nodosus Poir.,Flutendes Laichkraut,Potamot noueux,Brasca nodosa,4,VU,1,1,1,1,0,A,A
319500,Potamogeton obtusifolius Mert. & W. D. J. Koch,Stumpfblaettriges Laichkraut,Potamot a feuilles obtuses,Brasca a foglie ottuse,3,EN,1,2,2,2,1,A,A
320000,Potamogeton polygonifolius Pourr.,Knoeterichblaettriges Laichkraut,Potamot a feuilles de renouee,Brasca poligonifoglia,3,EN,1,2,2,2,1,0,0
320100,Potamogeton praelongus Wulfen,Langblaettriges Laichkraut,Potamot allonge,Brasca a foglie lunghe,1,EN,3,2,2,2,1,D,D
320200,Potamogeton pusillus L.,Palermer Laichkraut,Potamot capillaire,Brasca palermitana,4,VU,1,2,1,2,1,A,A
320400,Potamogeton trichoides Cham. & Schltdl.,Haarfoermiges Laichkraut,Potamot fluet,Brasca capillare,3,EN,1,2,2,2,1,A,A
320700,Potentilla alba L.,Weisses Fingerkraut,Potentille blanche,Cinquefoglia bianca,4,VU,1,1,1,2,1,C,A
320800,Potentilla alpicola Fauc.,Alpen-Fingerkraut,Potentille alpicole,Cinquefoglia alpicola,1,CR,3,1,2,1,0,0,0
321700,Potentilla cinerea Vill.,Aschgraues Fingerkraut,Potentille cendree,Cinquefoglia cinerea,3,VU,2,1,1,1,0,0,D
322600,Potentilla grammopetala Moretti,Schmalkronblaettriges Fingerkraut,Potentille a petales etroits,Cinquefoglia a petali sottili,3,NT,3,2,1,2,1,0,0
322800,Potentilla heptaphylla L.,Roetliches Fingerkraut,Potentille a sept folioles,Cinquefoglia a sette foglie,4,VU,1,1,1,1,0,A,A
322850,Potentilla incana G. Gaertn. & al.,Sand-Fingerkraut,Potentille des sables,Cinquefoglie arenaria,2,CR,1,2,1,2,1,0,A
322900,Potentilla inclinata Vill.,Graues Fingerkraut,Potentille grisatre,Cinquefoglia cenerognola,3,EN,1,2,2,1,0,A,A
323100,Potentilla leucopolitana P. J. Muell.,Weissenburger Fingerkraut,Potentille de Wissembourg,Cinquefoglia leucopolitana,2,CR,1,2,2,2,1,D,A
323300,Potentilla multifida L.,Schlitzblaettriges Fingerkraut,Potentille multifide,Cinquefoglia sfrangiata,2,VU,3,1,1,1,0,0,0
323600,Potentilla nivea L.,Schneeweisses Fingerkraut,Potentille blanc de neige,Cinquefoglia nivea,2,VU,3,1,0,1,0,0,0
324100,Potentilla praecox F. W. Schultz,Fruehzeitiges Fingerkraut,Potentille precoce,Cinquefoglia precoce,1,CR,3,2,2,2,1,A,A
324800,Potentilla supina L.,Niederliegendes Fingerkraut,Potentille etalee,Cinquefoglia sdraiata,4,VU,1,1,1,1,0,0,A
325900,Primula daonensis (Leyb.) Leyb.,Val Daone-Primel,Primevere du val Daone,Primula di Val Daone,3,NT,3,0,1,1,0,0,0
326400,Primula glutinosa Jacq.,Klebrige Primel,Primevere glutineuse,Primula vischiosa,3,NT,3,0,0,1,0,0,0
326500,Primula halleri J. F. Gmel.,Hallers Primel,Primevere a longues fleurs,Primula di Haller,3,NT,3,1,0,1,0,0,0
328000,Prunella laciniata (L.) L.,Weisse Brunelle,Brunelle blanche,Prunella gialla,4,VU,1,1,1,1,0,A,A
330500,Pseudostellaria europaea Schaeftl.,Knollenmiere,Pseudostellaire d'Europe,Centocchio bulboso,2,EN,2,2,2,2,1,0,0
330900,Pteris cretica L.,Saumfarn,Pteris de Crete,Pteride di Creta,3,VU,2,1,1,2,1,0,D
331000,Ptychotis saxifraga (L.) Loret & Barrandon,Faltenohr,Ptychotis saxifrage,Prezzemolo falso,2,RE,1,99,0,0,0,0,D
331300,Pulicaria vulgaris Gaertn.,Kleines Flohkraut,Pulicaire commune,Incensaria fetida,2,RE,1,99,0,0,0,D,D
331600,Pulmonaria collina W. Sauer,Huegel-Lungenkraut,Pulmonaire des collines,Polmonaria di collina,3,NT,3,1,0,1,0,C,A
331800,Pulmonaria helvetica Bolliger,Schweizerisches Lungenkraut,Pulmonaire de Suisse,Polmonaria elvetica,2,NT,4,2,2,1,0,0,A
332700,Pulmonaria montana subsp. jurana (Graber) W. Sauer,Jura-Lungenkraut,Pulmonaire du Jura,Polmonaria del Giura,3,NT,3,1,0,1,0,A,0
333250,Pulsatilla alpina subsp. alba Zaemelis & Paegle,Weisse Anemone,Pulsatille des Alpes,Pulsatilla bianca,2,CR,1,1,1,1,0,0,0
333700,Pulsatilla halleri (All.) Willd.,Hallers Kuechenschelle,Pulsatille de Haller,Pulsatilla di Haller,2,VU,3,1,1,1,0,0,0
334200,Pulsatilla vulgaris Mill.,Gewoehnliche Kuechenschelle,Coquelourde,Pulsatilla comune,3,EN,1,2,2,2,1,A,A
334400,Pyrola chlorantha Sw.,Gruenliches Wintergruen,Pyrole verdatre,Piroletta verdastra,4,VU,1,1,1,1,0,A,A
335200,Pyrus nivalis Jacq.,Schneebirne,Poirier des neiges,Pero alpino,4,VU,1,1,1,1,0,A,C
336300,Radiola linoides Roth,Zwergflachs,Radiole faux lin,Falso-lino,2,RE,1,99,0,0,0,0,D
336900,Ranunculus aquatilis L.,Gemeiner Wasser-Hahnenfuss,Renoncule aquatique,Ranuncolo acquatico comune,4,VU,1,1,1,1,0,A,A
337100,Ranunculus arvensis L.,Acker-Hahnenfuss,Renoncule des champs,Ranuncolo dei campi,4,VU,1,1,0,1,0,A,A
338000,Ranunculus circinatus Sibth.,Starrer Wasserhahnenfuss,Renoncule en crosse,Ranuncolo circinnato,4,VU,1,1,1,1,0,A,A
338800,Ranunculus gramineus L.,Grasblaettriger Hahnenfuss,Renoncule graminee,Ranuncolo gramineo,2,CR,1,2,2,2,1,0,0
339400,Ranunculus lingua L.,Grosser Sumpf-Hahnenfuss,Grande douve,Ranuncolo delle canne,4,VU,1,1,1,1,0,A,A
340000,Ranunculus peltatus Schrank,Schild-Wasserhahnenfuss,Renoncule peltee,Ranuncolo peltato,3,EN,1,2,2,2,1,B,A
340100,Ranunculus penicillatus (Dumort.) Bab.,Pinsel-Wasserhahnenfuss,Renoncule penicillee,Ranuncolo pennello,4,VU,1,1,1,1,0,C,A
340500,Ranunculus polyanthemophyllus W. Koch & H. E. Hess,Polyanthemusblaettriger Hahnenfuss,Renoncule a feuilles de polyantheme,Ranuncolo a foglie di statice,4,NT,2,0,0,1,0,B,A
340700,Ranunculus pygmaeus Wahlenb.,Zwerg-Hahnenfuss,Renoncule naine,Ranuncolo pigmeo,1,EN,3,1,1,1,0,0,0
341000,Ranunculus reptans L.,Wurzelnder Sumpf-Hahnenfuss,Renoncule radicante,Ranuncolo reptante,1,EN,3,2,2,2,1,A,A
341100,Ranunculus rionii Lagger,Rions Wasserhahnenfuss,Renoncule de Rion,Ranuncolo di Rion,2,CR,1,2,2,2,1,0,D
341200,Ranunculus sardous Crantz,Sardinischer Hahnenfuss,Renoncule sarde,Ranuncolo sardo,4,VU,1,1,0,1,0,A,A
341500,Ranunculus sceleratus L.,Gift-Hahnenfuss,Renoncule scelerate,Ranuncolo tossico,4,VU,1,1,1,1,0,A,A
341600,Ranunculus seguieri Vill.,Seguiers Hahnenfuss,Renoncule de Seguier,Ranuncolo di Seguier,2,VU,3,1,1,1,0,0,0
343000,Reseda luteola L.,Faerber-Reseda,Gaude,Reseda biondella,4,VU,1,1,0,1,0,A,A
343100,Reseda phyteuma L.,Rapunzel-Reseda,Reseda raiponce,Reseda selvatica,3,EN,1,1,0,1,0,D,A
343700,Rhamnus saxatilis Jacq.,Felsen-Kreuzdorn,Nerprun des rochers,Ranno spinello,4,VU,1,1,1,1,0,0,A
344200,Rhinanthus angustifolius C. C. Gmel.,Kahler Klappertopf,Rhinanthe a feuilles etroites,Cresta di gallo tardiva,4,VU,1,1,1,1,0,A,A
344400,Rhinanthus antiquus (Sterneck) Schinz & Thell.,Altertuemlicher Klappertopf,Rhinanthe antique,Cresta di gallo bergamasca,3,NT,3,1,0,1,0,0,0
345900,Rhynchospora fusca (L.) W. T. Aiton,Rotbraunes Schnabelried,Rhynchospora brun rougeatre,Rincospora scura,3,EN,1,2,2,2,1,D,A
346600,Rorippa amphibia (L.) Besser,Wasserkresse,Cresson amphibie,Crescione di chiana,4,VU,1,1,1,1,0,A,A
347150,Rorippa stylosa (Pers.) Mansf. & Rothm.,Pyrenaeen-Sumpfkresse,Cresson des Pyrenees,Crescione dei Pirenei,4,VU,1,1,1,1,0,0,A
347400,Rosa abietina Christ,Tannen-Rose,Rosier des sapins,Rosa degli abeti,3,NT,3,0,0,1,0,A,A
347900,Rosa chavinii Rapin,Chavins Rose,Rosier de Chavin,Rosa di Chavin,2,VU,3,1,1,1,0,A,D
348500,Rosa elliptica Tausch,Duft-Rose,Rosier a feuilles elliptiques,Rosa a foglie ellittiche,4,VU,1,1,1,1,0,B,A
348600,Rosa gallica L.,Essig-Rose,Rosier de France,Rosa serpeggiante,3,EN,1,2,2,1,0,A,A
348800,Rosa jundzillii Besser,Jundzills Rose,Rosier de Jundzill,Rosa di Jundzill,3,EN,1,2,1,2,1,A,A
348900,Rosa majalis Herrm.,Zimt-Rose,Rosier cannelle,Rosa cannella,2,VU,3,1,1,1,0,A,A
349200,Rosa montana Chaix,Suedalpine Rose,Rosier des montagnes,Rosa montana,4,VU,1,1,1,1,0,A,0
349800,Rosa rhaetica Gremli,Buendner-Rose,Rosier rhetique,Rosa retica,3,EN,1,2,1,2,1,0,0
350100,Rosa sherardii Davies,Sherards Rose,Rosier de Sherard,Rosa di Sherard,4,NT,2,0,0,1,0,A,A
350300,Rosa stylosa Desv.,Saeulengrifflige Rose,Rosier a styles soudes,Rosa a stili saldati,3,EN,1,2,1,2,1,A,A
350550,Rosa tomentella Leman,Flaum-Rose,Rosier finement tomenteux,Rosa finemente tomentosa,4,VU,1,1,1,1,0,A,A
351400,Rubia tinctorum L.,Faerber-Krapp,Garance des teinturiers,Robbia domestica,4,VU,1,1,0,1,0,C,A
359600,Rumex aquaticus L.,Wasser-Ampfer,Rumex aquatique,Romice acquatico,3,EN,1,2,2,2,1,A,D
360000,Rumex hydrolapathum Huds.,Riesen-Ampfer,Rumex geant,Romice tabacco di palude,4,VU,1,2,1,2,1,A,A
360200,Rumex maritimus L.,Strand-Ampfer,Rumex maritime,Romice marittimo,2,CR,1,2,2,2,1,A,D
360700,Rumex pulcher L.,Schoener Ampfer,Rumex elegant,Romice cavolaccio,4,VU,1,1,0,1,0,D,A
361800,Sagina glabra (Willd.) Fenzl,Suedalpines Mastkraut,Sagine glabre,Sagina glabra,4,VU,1,1,0,1,0,0,0
362100,Sagina nodosa (L.) Fenzl,Knotiges Mastkraut,Sagine noueuse,Sagina nodosa,3,EN,1,2,2,2,1,A,C
362400,Sagina subulata (Sw.) C. Presl,Pfriemblaettriges Mastkraut,Sagine subulee,Sagina subulata,3,EN,1,2,1,1,0,0,0
362700,Sagittaria sagittifolia L.,Gewoehnliches Pfeilkraut,Sagittaire a feuilles en fleche,Sagittaria comune,3,EN,1,2,2,2,1,A,A
366700,Salix ×hegetschweileri Heer,Hegetschweilers Weide,Saule d'Hegetschweiler,Salice di Hegetschweiler,1,EN,3,1,2,1,0,0,0
363000,Salix apennina A. K. Skvortsov,Apenninen-Weide,Saule des Apennins,Salice dell'Appennino,3,VU,2,1,1,1,0,0,0
363400,Salix bicolor Willd.,Zweifarbige Weide,Saule a deux couleurs,Salice bicolore,2,CR,1,1,1,1,0,0,0
363600,Salix caesia Vill.,Blaugruene Weide,Saule bleuatre,Salice azzurrino,3,VU,2,1,1,1,0,0,0
364400,Salix glabra Scop.,Kahle Weide,Saule glabre,Salice glabro,3,VU,2,1,1,1,0,0,0
364500,Salix glaucosericea Flod.,Seidenhaarige Weide,Saule glauque,Salice glauco,4,LC,3,0,0,1,0,0,0
364900,Salix laggeri Wimm.,Laggers Weide,Saule blanchatre,Salice di Lagger,2,VU,3,1,1,1,0,0,0
365100,Salix myrtilloides L.,Heidelbeerblaettrige Weide,Saule fausse myrtille,Salice mirtilloide,1,CR,3,2,2,2,1,0,0
366000,Salix repens L.,Moor-Weide,Saule rampant,Salice strisciante,4,VU,1,1,1,1,0,A,A
368500,Samolus valerandi L.,Bunge,Samole de Valerand,Lino d'acqua,2,CR,1,2,2,2,1,0,A
369300,Saponaria lutea L.,Gelbes Seifenkraut,Saponaire jaune,Saponaria gialla,2,VU,3,1,2,2,1,0,0
371200,Saussurea alpina subsp. depressa (Gren.) Nyman,Niedere Alpenscharte,Saussuree basse,Saussurea bassa,3,NT,3,0,0,1,0,0,0
371900,Saxifraga aphylla Sternb.,Schmalkronblaettriger Steinbrech,Saxifrage a tige nue,Sassifraga nordalpina,4,LC,3,0,0,1,0,0,0
372400,Saxifraga bulbifera L.,Zwiebel-Steinbrech,Saxifrage bulbifere,Sassifraga bulbifera,1,EN,3,2,2,2,1,0,0
372600,Saxifraga cernua L.,Arktischer Knoellchen-Steinbrech,Saxifrage penchee,Sassifraga incurvata,2,VU,3,2,1,2,1,0,0
372700,Saxifraga cotyledon L.,Strauss-Steinbrech,Saxifrage cotyledon,Sassifraga dei graniti,4,LC,3,0,0,1,0,0,0
373000,Saxifraga diapensioides Bellardi,Diapensienartiger Steinbrech,Saxifrage diapensie,Sassifraga simile a diapensia,3,NT,3,0,1,1,0,0,0
373400,Saxifraga granulata L.,Knoellchen-Steinbrech,Saxifrage granulee,Sassifraga granulosa,4,VU,1,2,2,2,1,A,A
373600,Saxifraga hirculus L.,Goldblumiger Steinbrech,Saxifrage bouc,Sassifraga delle torbiere,1,CR,3,2,2,2,1,A,C
373795,Saxifraga hostii Tausch,Hosts Steinbrech,Saxifrage de Host,Sassifraga di Host,3,VU,2,1,0,1,0,0,0
374300,Saxifraga muscoides All.,Flachblaettriger Steinbrech,Saxifrage fausse mousse,Sassifraga muscosa,4,LC,3,0,0,1,0,0,0
374400,Saxifraga mutata L.,Safrangelber Steinbrech,Saxifrage changee,Sassifraga gialla,4,NT,2,0,0,1,0,0,A
374550,Saxifraga oppositifolia subsp. amphibia (Suend.) Braun-Blanq.,Bodensee-Steinbrech,Saxifrage du Lac de Constance,Sassifraga del Lago di Constanza,2,EX,1,0,2,1,0,0,C
374995,Saxifraga retusa Gouan,Gestutzter Steinbrech,Saxifrage tronquee,Sassifraga retusa,4,VU,1,1,0,1,0,0,0
375700,Saxifraga seguieri Spreng.,Seguiers Steinbrech,Saxifrage de Seguier,Sassifraga di Seguier,4,LC,3,0,0,1,0,0,0
377900,Scandix pecten-veneris L.,Venuskamm,Scandix peigne de Venus,Pettine di Venere,3,EN,1,2,0,2,1,A,A
378000,Scheuchzeria palustris L.,Blumenbinse,Scheuchzerie des marais,Giuncastrello delle torbiere,4,VU,1,1,1,1,0,A,A
378300,Schoenoplectus mucronatus (L.) Palla,Stachliges Seeried,Schoenoplectus mucrone,Lisca mucronata,4,VU,1,1,1,1,0,A,A
378400,Schoenoplectus pungens (Vahl) Palla,Amerikanisches Seeried,Schoenoplectus piquant,Lisca nordamericana,2,CR,1,2,2,2,1,D,A
378600,Schoenoplectus supinus (L.) Palla,Zwerg-Seeried,Schoenoplectus couche,Lisca prostrata,2,CR,1,2,2,2,1,0,D
378800,Schoenoplectus triqueter (L.) Palla,Dreikantiges Seeried,Schoenoplectus a trois angles,Lisca trigona,2,CR,1,2,2,2,1,D,A
379560,Scirpoides holoschoenus (L.) Sojak,Kugelbinse,Scirpe a tetes rondes,Giunchetto,2,CR,1,2,2,2,1,0,A
379800,Scleranthus annuus L. subsp. annuus,Einjaehriger Knaeuel,Gnavelle annuelle,Centograni annuo,3,EN,1,2,0,2,1,A,A
380000,Scleranthus annuus subsp. verticillatus (Tausch) Arcang.,Huegel-Knaeuel,Gnavelle verticillee,Centograni verticillato,3,EN,1,2,1,1,0,A,D
380500,Sclerochloa dura (L.) P. Beauv.,Hartgras,Sclerochloa ferme,Fienarola indurita,4,VU,1,1,0,1,0,0,0
381200,Scorzonera humilis L.,Kleine Schwarzwurzel,Scorzonere peu elevee,Scorzonera minore,4,VU,1,1,1,1,0,A,A
381800,Scrophularia auriculata L.,Wasser-Braunwurz,Scrophulaire auriculee,Scrofularia acquatica,3,EN,1,2,2,2,1,D,A
385100,Sedum rubens L.,Roetlicher Mauerpfeffer,Crassule rougeatre,Borracina arrossata,3,EN,1,2,1,2,1,A,A
386000,Sedum villosum L.,Moor-Mauerpfeffer,Orpin velu,Borracina villosa,4,VU,1,1,1,1,0,0,D
386400,Selinum carvifolia (L.) L.,Silge,Selin a feuilles de cumin des pres,Carvifoglio palustre,4,VU,1,1,1,1,0,A,A
386900,Sempervivum grandiflorum Haw.,Gaudins Hauswurz,Joubarbe a grandes fleurs,Semprevivo a fiori grandi,2,VU,3,2,2,1,0,0,0
387400,Sempervivum wulfenii Mert. & W. D. J. Koch,Wulfens Hauswurz,Joubarbe de Wulfen,Semprevivo di Wulfen,2,VU,3,1,0,1,0,0,0
387500,Senecio abrotanifolius L.,Eberreisblaettriges Kreuzkraut,Senecon a feuilles d'aurone,Senecione abrotanino,4,LC,3,0,0,1,0,0,0
388300,Senecio erraticus Bertol.,Spreizendes Kreuzkraut,Senecon erratique,Senecione dei fossi,4,VU,1,1,1,1,0,0,A
388700,Senecio halleri Dandy,Hallers Greiskraut,Senecon de Haller,Senecione unifloro,4,LC,3,0,1,1,0,0,0
389300,Senecio incanus subsp. insubricus (Chenevard) Braun-Blanq.,Insubrisches Greiskraut,Senecon d'Insubrie,Senecione d'Insubria,4,LC,3,2,2,2,1,0,0
390700,Serapias vomeracea (Burm. f.) Briq.,Pflugschar-Stendelwurz,Serapias a longs petales,Serapide maggiore,2,CR,1,2,2,2,1,0,0
391000,Serratula tinctoria L. subsp. tinctoria,Faerber-Scharte,Serratule des teinturiers,Cerretta comune,4,VU,1,1,1,1,0,A,A
391250,Seseli annuum L.,Huegel-Sesel,Seseli annuel,Finocchiella effimera,4,VU,1,1,1,1,0,D,D
391800,Seseli montanum L.,Berg-Sesel,Seseli des montagnes,Finocchiella abrotanina,4,VU,1,1,1,1,0,A,0
392500,Sesleria sphaerocephala Ard.,Kugelkoepfige Seslerie,Seslerie a tete ronde,Sesleria minore,2,VU,3,1,0,1,0,0,0
393800,Sideritis hyssopifolia L.,Ysopblaettriges Gliedkraut,Crapaudine a feuilles d'hysope,Stregonia alpina,4,VU,1,1,0,1,0,A,D
393900,Sideritis montana L.,Berg-Gliedkraut,Crapaudine des montagnes,Stregonia montana,2,RE,1,99,0,0,0,D,D
394750,Silene cretica L.,Kretisches Leimkraut,Silene de crete,Silene cretica,2,RE,1,99,0,0,0,0,0
395300,Silene flos-jovis (L.) Clairv.,Jupiternelke,Oeillet de Dieu,Crotonella fior di Giove,4,NT,2,0,0,1,0,0,A
395400,Silene gallica L.,Franzoesisches Leimkraut,Silene de France,Silene gallica,2,CR(PE),1,99,0,0,0,D,C
396000,Silene noctiflora L.,Ackernelke,Silene de nuit,Silene aprentesi di notte,4,VU,1,1,0,1,0,A,A
396150,Silene nutans subsp. insubrica (Gaudin) Soldano,Insubrisches Leimkraut,Silene livide,Silene insubrica,4,NT,2,0,0,1,0,0,0
397000,Silene suecica (Lodd.) Greuter & Burdet,Alpen-Pechnelke,Silene de Suede,Crotonella alpina,3,NT,3,0,0,1,0,0,0
397100,Silene vallesia L.,Walliser Leimkraut,Silene du Valais,Silene del Vallese,3,VU,2,1,1,1,0,0,0
398100,Sison amomum L.,Gewuerzdolde,Sison amome,Amomo germanico,3,EN,1,2,2,2,1,0,A
398900,Sisymbrium supinum L.,Niederliegende Rauke,Sisymbre couche,Erba cornacchia supina,1,CR,2,2,2,2,1,A,0
399300,Sium latifolium L.,Grosser Merk,Berle a larges feuilles,Sedanina selvatica,2,CR,1,2,2,2,1,D,A
401700,Sonchus arvensis subsp. uliginosus (M. Bieb.) Nyman,Moor-Gaensedistel,Laiteron des marecages,Grespino palustre,3,EN,1,2,1,2,1,A,A
402000,Sonchus palustris L.,Sumpf-Gaensedistel,Laiteron des marais,Grespino di palude,2,RE,1,99,0,0,0,0,0
402500,Sorbus domestica L.,Speierling,Cormier,Sorbo comune,3,EN,1,2,2,2,1,A,A
402900,Sparganium angustifolium Michx.,Schmalblaettriger Igelkolben,Rubanier a feuilles etroites,Coltellaccio natante,3,NT,3,0,0,1,0,A,A
403000,Sparganium emersum Rehmann,Einfacher Igelkolben,Rubanier emerge,Coltellaccio a fusto semplice,4,VU,1,1,1,1,0,A,A
403300,Sparganium erectum subsp. microcarpum (Neuman) Domin,Kleinfruechtiger Igelkolben,Rubanier a petits fruits,Coltellaccio a frutti piccoli,3,EN,1,2,2,2,1,A,A
403800,Sparganium natans L.,Kleiner Igelkolben,Rubanier nageant,Coltellaccio minore,3,EN,1,2,2,2,1,A,A
404300,Spergula arvensis L.,Acker-Spark,Spargote des champs,Renaiola comune,4,VU,1,1,0,1,0,A,A
404800,Spergularia segetalis (L.) G. Don,Getreidemiere,Spergulaire des moissons,Spergularia delle messi,2,RE,1,99,0,0,0,D,D
405000,Spiranthes aestivalis (Poir.) Rich.,Sommer-Wendelaehre,Spiranthe d'ete,Viticcini estivi,4,VU,1,1,2,2,1,A,A
405100,Spiranthes spiralis (L.) Chevall.,Herbst-Wendelaehre,Spiranthe d'automne,Viticcini autunnali,4,VU,1,1,1,1,0,A,A
405300,Stachys alopecuros (L.) Benth.,Blassgelbe Betonie,epiaire vulpin,Betonica bianca,4,VU,1,1,1,1,0,0,0
405500,Stachys annua (L.) L.,Einjaehriger Ziest,epiaire annuelle,Stregona annuale,4,VU,1,1,0,1,0,A,A
405600,Stachys arvensis (L.) L.,Acker-Ziest,epiaire des champs,Stregona minore,2,CR,1,1,0,1,0,A,A
405800,Stachys germanica L.,Deutscher Ziest,epiaire d'Allemagne,Stregona germanica,4,VU,1,1,1,1,0,A,A
406700,Stachys recta subsp. grandiflora (Caruel) Arcang.,Grosslippiger Ziest,epiaire a grandes fleurs,Stregona labbruta,4,VU,1,1,1,1,0,0,0
407000,Staphylea pinnata L.,Pimpernuss,Staphylier penne,Bossolo,4,VU,1,1,1,1,0,A,A
407700,Stellaria longifolia Willd.,Langblaettrige Sternmiere,Stellaire a longues feuilles,Centocchio a foglie lunghe,2,EN,2,2,2,2,1,0,0
408400,Stellaria palustris Hoffm.,Sumpf-Sternmiere,Stellaire des marais,Centocchio delle paludi,2,RE,1,99,0,0,0,D,D
408800,Stemmacantha rhapontica subsp. lamarckii Dittrich,Lamarcks Bergscharte,Stemmacanthe de Lamarck,Stemmacanta di Lamarck,3,VU,2,1,1,1,0,0,0
409900,Subularia aquatica L.,Pfriemenkresse,Subulaire aquatique,Subularia acquatica,2,RE,1,99,0,0,0,0,D
412100,Taraxacum aquilonare Hand.-Mazz.,Noerdliches Pfaffenroehrlein,Pissenlit du nord,Tarassaco nordico,4,VU,1,0,0,1,0,0,0
412300,Taraxacum ceratophorum aggr.,Gehoerntes Pfaffenroehrlein,Pissenlit a callosites,Tarassaco con involucro calloso,1,EN,3,1,2,1,0,0,0
412500,Taraxacum cucullatum aggr.,Kapuzen-Pfaffenroehrlein,Pissenlit a capuchons,Tarassaco a cappuccio,3,NT,3,0,0,1,0,0,0
412600,Taraxacum dissectum (Ledeb.) Ledeb.,Schlitzblaettriges Pfaffenroehrlein,Pissenlit decoupe,Tarassaco inciso,1,EN,3,1,2,1,0,0,0
412700,Taraxacum fontanum aggr.,Brunnen-Pfaffenroehrlein,Pissenlit des fontaines,Tarassaco delle fonti,3,VU,2,1,1,1,0,0,0
413200,Taraxacum pacheri Sch. Bip.,Pachers Pfaffenroehrlein,Pissenlit de Pacher,Tarassaco di Pacher,3,VU,2,1,0,1,0,0,0
413700,Teesdalia nudicaulis (L.) R. Br.,Teesdalie,Teesdalie nudicaule,Teesdalia a fusto nudo,2,RE,1,99,0,0,0,0,D
414100,Tephroseris capitata (Wahlenb.) Griseb. & Schenk,Kopf-Aschkraut,Tephroseris capite,Senecione capitato,4,VU,1,1,1,1,0,0,0
414200,Tephroseris helenitis (L.) B. Nord.,Spatelblaettriges Aschkraut,Tephroseris helenitis,Senecione con foglie spatolate,3,EN,1,2,2,2,1,A,C
414300,Tephroseris integrifolia (L.) Holub,Ganzblaettriges Aschkraut,Tephroseris a feuilles entieres,Senecione rosulato,2,VU,3,1,1,1,0,A,0
414400,Tephroseris tenuifolia (Gaudin) Holub,Gaudins Aschkraut,Tephroseris a feuilles minces,Senecione di Gaudin,2,VU,3,1,0,1,0,0,0
414900,Teucrium botrys L.,Trauben-Gamander,Germandree botryde,Camedrio secondo,4,VU,1,1,0,1,0,A,A
415200,Teucrium scordium L.,Lauch-Gamander,Germandree d'eau,Camedrio scordio,3,EN,1,2,2,2,1,A,A
415400,Thalictrum alpinum L.,Alpen-Wiesenraute,Pigamon des Alpes,Pigamo alpino,3,NT,3,0,0,1,0,0,0
415800,Thalictrum flavum L.,Gelbe Wiesenraute,Pigamon jaune,Pigamo giallo,4,VU,1,1,1,2,1,A,A
416100,Thalictrum lucidum L.,Glaenzende Wiesenraute,Pigamon luisant,Pigamo lucido,2,EN,2,2,2,2,1,0,0
416680,Thalictrum simplex L. subsp. simplex,Einfache Wiesenraute,Pigamon a folioles lineaires,Pigamo erba scopaia,3,EN,1,2,1,2,1,B,A
416800,Thalictrum simplex subsp. galioides (DC.) Korsh.,Labkraut-Wiesenraute,Pigamon gaillet,Pigamo galioide,1,CR,2,2,2,1,0,D,A
417000,Thelypteris palustris Schott,Sumpffarn,Thelypteris des marais,Felce palustre,4,VU,1,1,1,1,0,A,A
417500,Thesium humifusum DC.,Niederliegender Bergflachs,Thesium couche,Linaiola prostrata,2,CR,1,2,2,2,1,0,A
417600,Thesium linophyllon L.,Leinblaettriger Bergflachs,Thesium a feuilles de lin,Linaiola comune,4,VU,1,1,1,1,0,A,A
417800,Thesium rostratum Mert. & W. D. J. Koch,Schnabelfruechtiger Bergflachs,Thesium rostre,Linaiola rostrata,3,EN,1,2,2,2,1,D,A
419200,Thlaspi rotundifolium subsp. corymbosum Gremli,Doldentraubiges Taeschelkraut,Tabouret en corymbe,Tlaspi corimboso,3,NT,3,0,0,1,0,0,0
419400,Thlaspi sylvium Gaudin,Penninisches Taeschelkraut,Tabouret du Mont Cervin,Erba storna piemontese,2,VU,3,1,0,1,0,0,0
419500,Thlaspi virens Jord.,Gruenes Taeschelkraut,Tabouret verdoyant,Erba storna verdeggiante,3,NT,3,0,0,1,0,0,0
419800,Thymelaea passerina (L.) Coss. & Germ.,Vogelkopf,Passerine annuelle,Timelea annuale,2,CR,1,2,1,2,1,A,A
421700,Tofieldia pusilla (Michx.) Pers.,Kleine Simsenlilie,Tofieldie naine,Taiola minore,3,NT,3,0,0,1,0,0,0
423200,Tragopogon pratensis subsp. minor (Mill.) Hartm.,Kleiner Bocksbart,Petit salsifis,Barba di becco piccola,4,VU,1,1,0,1,0,A,A
423500,Trapa natans L.,Wassernuss,Chataigne d'eau,Castagna d'acqua,2,CR,1,2,2,2,1,A,B
423700,Tribulus terrestris L.,Burzeldorn,Croix de Malte,Tribolo comune,4,VU,1,0,0,1,0,0,A
424200,Trientalis europaea L.,Siebenstern,Trientalis d'Europe,Trientalis,3,VU,2,2,2,2,1,0,0
426600,Trifolium ochroleucon Huds.,Gelblicher Klee,Trefle jaunatre,Trifoglio bianco-giallo,4,VU,1,1,1,1,0,A,A
426800,Trifolium patens Schreb.,Suedlicher Gold-Klee,Trefle etale,Trifoglio patente,4,VU,1,1,0,1,0,0,B
427600,Trifolium saxatile All.,Stein-Klee,Trefle des rochers,Trifoglio dei greti,2,VU,3,1,1,2,1,0,0
427700,Trifolium scabrum L.,Rauher Klee,Trefle scabre,Trifoglio scabro,3,EN,1,1,1,1,0,A,A
427800,Trifolium spadiceum L.,Brauner Moor-Klee,Trefle marron,Trifoglio spadiceo,4,VU,1,1,1,1,0,A,0
427900,Trifolium striatum L.,Gestreifter Klee,Trefle strie,Trifoglio striato,4,VU,1,1,1,1,0,A,A
428500,Trigonella monspeliaca L.,Franzoesischer Bockshornklee,Trigonelle de Montpellier,Fieno greco di Montpellier,4,VU,1,1,1,1,0,0,0
428600,Trinia glauca (L.) Dumort.,Faserschirm,Trinie glauque,Sassifragia pannocchiuta,4,VU,1,1,1,1,0,A,A
429200,Trisetum cavanillesii Trin.,Cavanilles' Grannenhafer,Trisete de Cavanilles,Gramigna di Cavanilles,1,EN,3,2,2,2,1,0,0
430500,Trochiscanthes nodiflora (All.) W. D. J. Koch,Radbluete,Trochiscanthe nodiflore,Angelica minore,4,VU,1,1,2,2,1,0,0
431400,Tulipa sylvestris L. subsp. sylvestris,Weinberg-Tulpe,Tulipe sauvage,Tulipano dei campi,4,VU,1,1,1,1,0,A,A
431500,Tulipa sylvestris subsp. australis (Link) Pamp.,Suedalpine Tulpe,Tulipe meridionale,Tulipano montano,2,VU,3,2,2,2,1,0,0
431800,Turgenia latifolia (L.) Hoffm.,Breitblaettrige Turgenie,Turgenie a larges feuilles,Lappola maggiore,2,RE,1,99,0,0,0,D,D
432300,Typha minima Hoppe,Kleiner Rohrkolben,Petite massette,Lisca minore,2,CR,1,2,2,2,1,D,A
432400,Typha shuttleworthii W. D. J. Koch & Sond.,Shuttleworths Rohrkolben,Massette de Shuttleworth,Lisca di Shuttleworth,3,EN,1,2,2,2,1,D,A
432900,Ulmus laevis Pall.,Flatter-Ulme,Orme pedoncule,Olmo bianco,3,EN,1,2,1,2,1,A,A
433300,Umbilicus rupestris (Salisb.) Dandy,Venusnabel,Nombril de Venus,Ombelico di Venere,3,EN,1,1,1,1,0,0,A
433500,Urtica urens L.,Kleine Brennessel,Ortie brulante,Ortica minore,4,VU,1,1,0,1,0,A,A
433700,Utricularia bremii Heer,Bremis Wasserschlauch,Utriculaire de Bremi,Erba-vescica di Bremi,1,CR,2,2,2,2,1,0,A
433800,Utricularia intermedia Hayne,Mittlerer Wasserschlauch,Utriculaire intermediaire,Erba-vescica intermedia,1,CR,2,2,2,2,1,A,A
433900,Utricularia minor L.,Kleiner Wasserschlauch,Petite utriculaire,Erba-vescica minore,4,VU,1,2,1,2,1,A,A
434100,Utricularia ochroleuca R. W. Hartm.,Blassgelber Wasserschlauch,Utriculaire jaune pale,Erba-vescica giallastra,1,CR,2,2,2,2,1,A,A
434150,Utricularia stygia G. Thor,Styx-Wasserschlauch,Utriculaire du Styx,Utricolaria dello Stige,2,CR,1,2,1,2,1,0,A
434200,Utricularia vulgaris L.,Gewoehnlicher Wasserschlauch,Utriculaire commune,Erba-vescica comune,3,EN,1,2,2,2,1,A,A
434300,Vaccaria hispanica (Mill.) Rauschert,Kuhnelke,Vaccaire d'Espagne,Cetino dei campi,2,CR,1,1,0,1,0,A,A
434700,Vaccinium microcarpum (Rupr.) Schmalh.,Kleinfruechtige Moosbeere,Canneberge a petits fruits,Mirtillo minore,2,VU,3,1,1,1,0,A,C
435400,Valeriana celtica L.,Keltischer Baldrian,Valeriane celte,Valeriana celtica,3,NT,3,0,1,1,0,0,0
436300,Valeriana saliunca All.,Felsschutt-Baldrian,Valeriane a feuilles de saule,Valeriana saliunca,4,NT,2,0,0,1,0,0,0
436600,Valeriana supina Ard.,Zwerg-Baldrian,Valeriane naine,Valeriana strisciante,4,LC,3,0,0,1,0,0,0
437300,Valerianella dentata (L.) Pollich,Gezaehnter Ackersalat,Valerianelle dentee,Gallinella dentata,4,VU,1,1,0,1,0,A,A
437400,Valerianella eriocarpa Desv.,Haarfruechtiger Ackersalat,Valerianelle a fruits velus,Gallinella campanulata,2,CR(PE),1,99,0,0,0,0,0
437600,Valerianella rimosa Bastard,Gefurchter Ackersalat,Valerianelle sillonnee,Gallinella liscia,3,EN,1,2,0,2,1,A,A
438200,Veratrum nigrum L.,Schwarzer Germer,Veratre noir,Veratro nero,3,EN,1,0,1,1,0,0,0
438495,Verbascum chaixii Vill.,Chaix' Wollkraut,Molene de Chaix,Verbasco di Chaix,3,EN,1,2,1,2,1,0,0
439500,Verbascum pulverulentum Vill.,Flockiges Wollkraut,Molene pulverulente,Verbasco a candelabro,3,EN,1,1,0,1,0,A,A
440100,Veronica acinifolia L.,Steinquendelblaettriger Ehrenpreis,Veronique a feuilles d'acinos,Veronica acinifoglia,2,CR,1,2,1,2,1,D,A
440600,Veronica anagalloides Guss.,Falscher Gauchheil-Ehrenpreis,Veronique a pedicelle glanduleux,Veronica delle sponde,2,CR,1,2,2,2,1,0,0
440900,Veronica austriaca L.,oesterreichischer Ehrenpreis,Veronique d'Autriche,Veronica d'Austria,1,CR,3,2,2,2,1,A,0
441300,Veronica catenata Pennell,Lockeraehriger Ehrenpreis,Veronique a epis laches,Veronica concatenata,3,EN,1,2,2,2,1,0,A
441500,Veronica dillenii Crantz,Dillenius' Ehrenpreis,Veronique de Dillenius,Veronica di Dillenius,4,VU,1,1,1,1,0,0,0
442900,Veronica praecox All.,Fruehbluehender Ehrenpreis,Veronique precoce,Veronica precoce,4,VU,1,1,0,1,0,D,A
443000,Veronica prostrata L. subsp. prostrata,Niederliegender Ehrenpreis,Veronique couchee,Veronica sdraiata,2,EN,2,2,2,2,1,0,0
443100,Veronica prostrata subsp. scheereri J.-P. Brandt,Scheerers Ehrenpreis,Veronique de Scheerer,Veronica di Scheerer,2,EN,2,2,2,2,1,A,A
443300,Veronica scutellata L.,Schildfruechtiger Ehrenpreis,Veronique a ecussons,Veronica delle paludi,4,VU,1,1,1,1,0,A,A
444000,Veronica triphyllos L.,Dreiteiliger Ehrenpreis,Veronique a trois lobes,Veronica trifogliata,4,VU,1,1,2,2,1,D,A
446100,Vicia lathyroides L.,Platterbsen-Wicke,Vesce fausse gesse,Veccia serena,3,EN,1,1,1,1,0,D,D
446500,Vicia orobus DC.,Rankenlose Wicke,Vesce orobe,Veccia cece,1,CR,3,2,2,2,1,A,0
446900,Vicia pisiformis L.,Erbsen-Wicke,Vesce a feuilles de pois,Veccia pisellina,2,CR,1,2,2,2,1,C,0
449200,Viola calcarata L.,Langsporniges Stiefmuetterchen,Pensee eperonnee,Viola con sperone,4,LC,3,0,0,1,0,0,0
449300,Viola canina L. subsp. canina,Heide-Veilchen,Violette des chiens,Viola selvatica,4,VU,1,1,1,1,0,A,A
449700,Viola cenisia L.,Mont-Cenis-Stiefmuetterchen,Pensee du Mont Cenis,Viola del Moncenisio,4,LC,3,0,0,1,0,0,0
450200,Viola elatior Fr.,Hohes Veilchen,Violette elevee,Viola maggiore,3,EN,1,2,2,2,1,A,A
450400,Viola kitaibeliana Schult.,Zwerg-Stiefmuetterchen,Pensee de Kitaibel,Viola di Kitaibel,4,VU,1,1,1,1,0,0,0
451200,Viola persicifolia Schreb.,Moor-Veilchen,Violette a feuilles de pecher,Viola con foglie di pesco,3,EN,1,2,2,2,1,A,A
451300,Viola pinnata L.,Fiederblaettriges Veilchen,Violette pennee,Viola pennata,4,NT,2,0,0,1,0,0,0
451400,Viola pumila Chaix,Niedriges Veilchen,Violette naine,Viola minore,2,RE,1,99,0,0,0,0,D
452200,Viola suavis M. Bieb.,Ferd. Otto Wolfs Veilchen,Violette suave,Viola soave,4,NT,2,1,0,1,0,0,0
453500,Vitis sylvestris C. C. Gmel.,Wilde Rebe,Vigne des bois,Vite selvatica,2,CR,1,2,2,2,1,0,0
453700,Vulpia bromoides (L.) Gray,Trespen-Federschwingel,Vulpie faux brome,Paleo bromoide,3,EN,1,0,0,1,0,A,A
454000,Vulpia unilateralis (L.) Stace,Strand-Duennschwanz,Vulpie unilaterale,Festuca unilaterale,2,CR(PE),1,99,0,0,0,C,D
454500,Woodsia alpina (Bolton) Gray,Alpen-Wimperfarn,Woodsia des Alpes,Felcetta alpina,4,LC,3,0,0,1,0,0,0
454700,Woodsia ilvensis (L.) R. Br.,Suedlicher Wimperfarn,Woodsia d'Elbe,Felcetta pelosa,2,VU,3,1,0,1,0,0,0
454800,Woodsia pulchella Bertol.,Kahler Wimperfarn,Woodsia joli,Felcetta glabra,2,EN,2,2,1,1,0,0,0
455200,Xanthium strumarium L.,Gewoehnliche Spitzklette,Lampourde ordinaire,Nappola minore,3,EN,1,0,0,1,0,A,A
455600,Xeranthemum inapertum (L.) Mill.,Felsenheide-Strohblume,Xerantheme ferme,Perpetuini mezzani,1,CR,2,2,2,2,1,0,C
455700,Zannichellia palustris L.,Teichfaden,Zannichellie des marais,Zannichellia,4,VU,1,0,1,1,0,A,A
