Name,descriptio,timestamp,begin,end,altitudeMo,tessellate,extrude,visibility,drawOrder,icon,descript_1,type,htmlpopup,layerId,xcoord,ycoord
Muehlestrasse-berm-1,"20-04-2021, survey area is green area between bounded by the sidewalk, fence and bridge.",,,,,-1,0,-1,,,,marker,,,2587286.16169698,1221568.18695673
eidochsweg-suze-2,"survey area between cemetery and forest edge, area where chain link fence forms boundary (about 40 meters)
17-04-2021
20-03-2021",,,,,-1,0,-1,,,,marker,"<div><div><span>Zeichnung &nbsp;</span>(eidochsweg
suze 2)</div><div>survey area between cemetery and forest edge, area where chain link fence forms boundary (about 40 meters)
17-04-2021
20-03-2021</div></div>",KML||https://public.geo.admin.ch/J8AsDWKnTgayCQFzjAHfzw,2587272.73137384,1221883.17592248
eidochsweg-suze-1,"survey area is flat area between cemetery and tree line, bounded by sidewalk and point where wall turns in.
17-04-2021
20-03-2021",,,,,-1,0,-1,,,,marker,"<div><div><span>Zeichnung &nbsp;</span>(eidochsweg
suze 1)</div><div>survey area is flat area between cemetery and tree line, bounded by sidewalk and point where wall turns in.
17-04-2021
20-03-2021</div></div>",KML||https://public.geo.admin.ch/J8AsDWKnTgayCQFzjAHfzw,2587302.54547449,1221921.35619459
schloesslifeld-suze-1,"survey area is between sidewalk, rocky area leading to beach and suze, extending about 15 meters to the right of the rocks.
17-04-2021",,,,,-1,0,-1,,,,marker,,,2587288.56919227,1222123.50333389
schloesslifeld-suze-5,"survey area is between concrete structure and suze, from bridge to end end of concrete area downstream
26-05-2021",,,,,-1,0,-1,,,,marker,,,2587278.13633553,1221927.63449106
schloesslifeld-suze-2,"survey area is between suze and path, extending the length of the right bunch of trees.
12-05-2021",,,,,-1,0,-1,,,,marker,,,2587283.68377323,1222179.43514482
schloesslifeld-suze-3,,,,,,-1,0,-1,,,,marker,,,2587271.29648653,1222203.1421956
Langholz-forest-1,"area to the left and and right of the road just before the newly planted treeline on left, until treeline on right.",,,,,-1,0,-1,,,,marker,,,2588622.89056099,1220860.61176016
langholz-forest-2,"survey area about 20 meters long on left side of road, extenidng about 2 meters deep, starting about 15 meters from main road",,,,,-1,0,-1,,,,marker,,,2588715.1375559,1220821.41239677
Laengholz-forest-7,survey area is between building and slope towards molasseweg,,,,,-1,0,-1,,,,marker,,,2587435.27284506,1220991.20169268
Laengholz-forest-8,survey area is,,,,,-1,0,-1,,,,marker,,,2587377.33731867,1221000.77497677
vorhoelzli-forest-2,"12-03-2021;(more), survey area along left side of path starting from forest edge, extending about 20 meters along path, about 5 meters into the forest area.",,,,,-1,0,-1,,,,marker,,,2588749.12552267,1221296.78853569
"vorhoelzli
forest 3","survey area is clearing behind zurich fitness trail station.
14-05-2021",,,,,-1,0,-1,,,,marker,,,2588997.15899366,1221335.62191689
"vorhoelzli
forest 4","survey area the right side of the path about 4 meters wide
14-05-2021",,,,,-1,0,-1,,,,marker,,,2588863.76077983,1221351.10286045
Vorhoelzli-forest-1,"survey area on right side of path, starting 3 meters before stream pool, extending about 6 meters to the left.
14-05-2021",,,,,-1,0,-1,,,,12-03-2021,,,2588695.76196655,1221479.27350179
Sonnenfeld-suze-1,"13-05-2021, 22-02-2021, surveyed from  hedgerow, the stairs into the reiver, and a bit further.
",,,,,-1,0,-1,,,,marker,,,2587203.32147477,1222299.23345296
parc-renfer-suze-1,"20-04-2021, 03-02-2021, 23-02-2021, surveyed area between building and stone stairs, between path and river
",,,,,-1,0,-1,,,,marker,,,2587105.86229129,1222402.50497554
buerenstrasse-suze-5,"survey area is from path to river edge, including exposed bank area.",,,,,-1,0,-1,,,,marker,,,2587127.93615872,1222404.45804056
Buerenstrasse-Suze-1,"survey area bounded by road, bridge, river on each side. surveyed river edge as possible from island.
12-05-2021
08-04-2021
06-02-2021 (to be entered)",,,,,-1,0,-1,,,,marker,,,2587068.66999674,1222492.638464
Buerenstrasse-Suze-2,"survey area is the grass / tree area between the parking lot and the suze.
20-03-2021
22-02-2021",,,,,-1,0,-1,,,,marker,,,2587083.83781551,1222492.60531102
buerenstrasse-suze-4,"survey area is between trees, from path to beach area",,,,,-1,0,-1,,,,marker,,,2587100.62211374,1222433.97910812
buerenstrasse-suze-3,"survey area is entire ramp and gravel path between the walls and the river.
20-03-2021, 20-04-2021, 06-02-2021",,,,,-1,0,-1,,,,,,,2587088.02483834,1222465.13578217
"Fuchsenried
forest 1","survey area is entrance to forest path, about 1 meter on each side of path, about 2 meters into forest
08-05-2021",,,,,-1,0,-1,,,,24-02-2021,,,2586809.71961461,1222647.18874413
Schuessinsel-Suze-4,"surveyed the exposed beach bounded on one side by the wall and on three sides by the river. 40% of size visible on swisstopo due to high water level.
14-03-2021",,,,,-1,0,-1,,,,marker,,,2587153.49456883,1221776.1494269
Schuessinsel-Kanal-1,"survey area bounded by bridge, suze diversion, and wall.
14-04-2021
22-02-2021",,,,,-1,0,-1,,,,marker,,,2587057.04457543,1221789.58962794
Schuessinsel-Kanal-4,surveyed area between kanal and play area,,,,,-1,0,-1,,,,marker,,,2587124.92487726,1221822.57173879
Muehlestrasse-Suze-1,"survey area is between path, suze and and bridge, extending until edge of wall, about 30 meters.
17-04-2021",,,,,-1,0,-1,,,,marker,,,2587202.39996743,1221838.41282604
"Schuessinsel
Suze 3","Surveyed the top edge of the embankment and as far down as possible to see closely.
14-04-2021",,,,,-1,0,-1,,,,marker,,,2587159.53699146,1221834.2810798
Schuessinsel-area-1,"surveyed the larger of the two grassy mounds that contains two trees.
14-3-2021",,,,,-1,0,-1,,,,marker,,,2587147.43498131,1221849.7607648
eidochsweg-suze-3,"survey area bounded by wall on left, cemetery, treeline, and the start of the chain link fence ( about 25 meters from end of wall.
17-04-2021
20-03-2021",,,,,-1,0,-1,,,,marker,"<div><div><span>Zeichnung &nbsp;</span>(eidochsweg
suze 3)</div><div>survey area bounded by wall on left, cemetery, treeline, and the start of the chain link fence ( about 25 meters from end of wall.
17-04-2021
20-03-2021</div></div>",KML||https://public.geo.admin.ch/J8AsDWKnTgayCQFzjAHfzw,2587244.29749272,1221852.10805575
schloesslifeld-suze-4,"survey area is between sidewalk, raised area and suze, about 5 meters
20-04-2021
26-05-2021",,,,,-1,0,-1,,,,marker,,,2587254.64734762,1221903.33764069
Schuessinsel-Kanal-2,"survey area is the approximate triangle bounded by the path, the gravel area and the suze.
17-04-2020",,,,,-1,0,-1,,,,marker,,,2586975.03899357,1221714.61505785
schuessinsel-suze-10,"survey area from line perpendicular from bridge to final three planted trees, from path to river.",,,,,-1,0,-1,,,,marker,,,2587035.86210684,1221710.92379255
Schuessinsel-Kanal-3,"survey area is the approximate triangle between the hedgerow, the suze island canal, and the gravel area.
17-04-2021",,,,,-1,0,-1,,,,marker,,,2586933.89615799,1221699.91947907
Schuessinsel-suze-9,surveyed grassy area between the paths,,,,,-1,0,-1,,,,marker,,,2586939.60324566,1221673.8918143
Schuessinsel-Kanal-7,"survey area between path and kanal, from bridge to line extending from far edge of building across kanal",,,,,-1,0,-1,,,,marker,,,2586897.38188813,1221651.86129032
Schuessinsel-Suze-8,"surveyed between river and path, from 5 meters before path breaks off to about halfway to where path meets beach",,,,,-1,0,-1,,,,marker,,,2586967.60789462,1221681.16761454
schuessinsel-suze-7,"survey area is berm bounded by sidewalk, including lawn in front of small building. area extends about 30 meters from bridge, including to river.
19-04-2021
20-03-2021",,,,,-1,0,-1,,,,marker,,,2586894.16185975,1221533.68892955
schuessinsel-kanal-5,"01.03, surveyed from first big tree to final big tree, to river edge.",,,,,-1,0,-1,,,,marker,,,2587036.4015264,1221749.38932234
Fussweg-Suze-1,"survey area is between side walk and river, and between the two bridges.
13-04-2021
14-03-2021",,,,,-1,0,-1,,,,marker,,,2586562.17712278,1221408.13859066
schuessinsel-suze-5,"survey area is area between bridge, berm and river, including the bank of the river, small rocky face and grassy area. extending about 20 meters from bridge into berm
15-04-2021
20-03-2021",,,,,-1,0,-1,,,,marker,,,2586624.04125505,1221427.45406772
schuessinsel-suze-6,"survey about 10 meters around 2nd tree on gottstrasse, did not descend to beach area on 1st survey.
20-03-2021",,,,,-1,0,-1,,,,marker,,,2586727.3950183,1221446.12106292
scheussinsel-kanal-6,"surveyed area between path, chapel and suze",,,,,-1,0,-1,,,,marker,,,2586690.37672505,1221478.88982155
Schuessinsel-Suze-2,"surveyed area bounded by the river, the path, the line drawn from where the newly installed shrubbery ends, about 4 meters past bridge railing.
12-04-2021",,,,,-1,0,-1,,,,marker,,,2586663.85899823,1221458.82680069
Schuessinsel-Suze-1,"surveyed form where area widens to where it narrows, see photos for reference
12-04-2021",,,,,-1,0,-1,,,,marker,,,2586634.27786542,1221459.44944814
"Fuchsenried
Forest 2","survey area is junction between road and forest path and surrounding area. February survey is more expansive due to lack of flowers visible.
08-05-2021
24-02-2021",,,,,-1,0,-1,,,,,,,2586787.8131951,1222801.28271858
"Fuchsenried
Forest 3",survey area is final ten meters of forest road until the fence/gate. surveyed both sides of path.,,,,,-1,0,-1,,,,marker,,,2586790.18325832,1222932.06457277
Holunderweg-Madretschkanal-2,"survey area starts from end of area 1 and continues until concrete obstruction of berm/trees, about 35 meters
16-04-2021
14-03-2021
09-02-2021",,,,,-1,0,-1,,,,,,,2586186.74312769,1221100.3804534
Holunderweg-Madretschkanal-1,"survey area is madretschkanal berm between bridge and extending 30 meters out.
13-05-2021
16-04-2021
14-03-2021
09-02-2021
",,,,,-1,0,-1,,,,,,,2586191.43656392,1221128.71921407
Schleusenweg-suze-1,"survey area is from dam to first light post
15-04-2021",,,,,-1,0,-1,,,,marker,,,2586216.7667784,1221223.82626719
Schleusenweg-suze-3,"survey area is from lightpost to end of concrete path.
15-04-2021",,,,,-1,0,-1,,,,marker,,,2586261.36224464,1221253.18401367
Schleusenweg-suze-2,"survey area is between two lightposts
15-04-2021",,,,,-1,0,-1,,,,marker,,,2586238.72386517,1221238.78382937
fussweg-Suze-3,"12-04-2021
19-05-2021",,,,,-1,0,-1,,,,marker,,,2586442.57637531,1221284.45092487
fussweg-suze-4,"suveyed green area between sidewalk and fence starting from edge of building extending 10 meters.
12-04-2021",,,,,-1,0,-1,,,,marker,,,2586436.74271586,1221287.57720852
fussweg-Suze-2,"surveyed area between path and river and between where the berm totally ends and the small bridge.
12-05-2021
13-04-2021
14-03-2021",,,,,-1,0,-1,,,,marker,"<div><div><span>Zeichnung &nbsp;</span>(Suze fussweg
Suze 2)</div><div>surveyed area between path and river and between where the berm totally ends and the small bridge.
13-04-2021
14-03-2021</div></div>",KML||https://public.geo.admin.ch/J8AsDWKnTgayCQFzjAHfzw,2586547.17265512,1221381.15707165
Mattenstrasse-Area-1,"surveyed the small park area, bounded by a hedgerow and the roads. very large tree. lots of dirt/path. mahonia adquifolium not looing happy. hedge rows not identified (10.04)",,,,,-1,0,-1,,,,marker,,,2586029.82600376,1220663.9410838
Mattenstrasse-Berm-1,"surveyed wild area, had just been fully cut back a few days (a week?) prior.
10-04-2021
13-05-2021

relatively barren, lots of graasses",,,,,-1,0,-1,,,,marker,"<div><div><span>Zeichnung &nbsp;</span>(10-04
Mattenstrasse 
Berm 1)</div><div>surveyed wild area, had just been fully cut back a few days (a week?) prior.

relatively barren, lots of graasses</div></div>",KML||https://public.geo.admin.ch/56a59BHVTviHH1bu7uHxFg,2586046.59150344,1220696.03117601
Mattenstrasse-Berm-2,"cultivated area, grass mowed, some bulb plants, etc, 10-04
",,,,,-1,0,-1,,,,marker,,,2586077.43752016,1220715.52536272
Mattenstrasse-Berm-3,"non cultivated part of berm, surveyed until the final narrowing of the green area. 10-04
",,,,,-1,0,-1,,,,marker,,,2586092.03093983,1220727.38679635
mettstrasse-lot-1,"survey area is gravelly road and both sides of it, up to wall edge, and up to trashbags, slightly before trashbags.
25-05-2021",,,,,-1,0,-1,,,,marker,,,2586617.31727443,1220869.36901713
holunderweg-Madretschkanal-4,"survey area from fence to madretschkanal, bounded on sides by the lines extending from the 2 residential buildings across the fence.
12-05-2021
16-04-2021
20-03-2021",,,,,-1,0,-1,,,,marker,,,2586088.06939303,1221017.0967299
holunderweg-Madretschkanal-3,"survey area is from fence to river and from sidewalk to about 20 meters into area
13-05-2021
16-04-2021
20-03-2021",,,,,-1,0,-1,,,,marker,,,2586167.66194886,1221050.39612584
"Riedweg
forest 1","survey area is edge of forest and about 5 meters into forest behind barbecue area
26-03-2021",,,,,-1,0,-1,,,,marker,,,2587154.37383874,1220260.16114855
Laengholz-forest-6,,,,,,-1,0,-1,,,,marker,,,2587785.66364511,1220330.19804087
laengholz-Forest-15,survey area is the left and right side of buchenweg for about 20 meters starting with an exposed hill with lots of early flowering plants.,,,,,-1,0,-1,,,,marker,,,2586657.44522179,1219421.88952331
Laengholz-Forest-3,"survey area is about 4 meters wide by 8 meters long, bounded by paths.
08-03-2021",,,,,-1,0,-1,,,,marker,,,2587079.79093736,1219563.25605824
Bermenstrasse-Berm-2,"surveyed from underneat bridge to edge of house and shortly upwards from the ""path""",,,,,-1,0,-1,,,,marker,,,2586416.99545735,1219624.44154477
Bermenstrasse-Area-1,"survey area between fence and bermenstrasse
03-04-2021
03-05-2021",,,,,-1,0,-1,,,,marker,"<div><div><span>Zeichnung &nbsp;</span>(Bermenstrasse
Area 1)</div><div>survey area between fence and bermenstrasse
03-04-2021</div></div>",KML||https://public.geo.admin.ch/f6MfU8pdTEq-PfHgCqoWNA,2586409.62832756,1219654.36453858
Laengholz-forest-4,"survey area is exposed forest edge, about 8 meters long, 2 meters deep.",,,,,-1,0,-1,,,,marker,,,2587000.69020653,1219677.59493435
Laengholz-forest-5,"Galanthus nivalis
Large patch extended 4-5 meters in all directions of both galanthus nivalis and Corydalis solida in full flower with seemingly more of each (especially CS) to come, Very large patch of Crocus vernus flowering next to a small goat farm.",,,,,-1,0,-1,,,,marker,,,2586984.52802535,1220253.13929588
"Pfeidli
Forest 2",survey area is along the path at the entrance to the remaining forest,,,,,-1,0,-1,,,,marker,,,2587482.08085912,1218992.54192781
Pfeidli-forest-4,"17-03, 16-05, survey area is clearing around path into forest and just into forest area, about 10 square meters",,,,,-1,0,-1,,,,marker,,,2587186.45296322,1218972.12949607
Pfeidli-forest-1,"survey area is the newly cleared forest and the trees to the left, adjascent to pfeidwaldstrasse, 16-05-2021, 17-03-2021",,,,,-1,0,-1,,,,marker,,,2587217.58365564,1219012.11844224
"Pfeidli
Forest 3","survey area is entrance to forest, about 2 meters in on each side of the path, about 2 meters from the path in each direction.
16-05-2021",,,,,-1,0,-1,,,,marker,,,2587373.90031359,1219212.86469549
bielstrasse-berm-3,"survey area is left side of road, from speed sign to bike path underneath road/highway",,,,,-1,0,-1,,,,marker,,,2586648.19086793,1219318.90681766
Bielstrasse-berm-4,"survey area is green patch between left branch of path and fenced off/gravel area.
23-05-2021",,,,,-1,0,-1,,,,marker,,,2586624.36728953,1219357.03803842
bielstrasse-berm-2,"survey area is green area between sidewalk and cemetery
22-05-2021",,,,,-1,0,-1,,,,marker,,,2586576.7225721,1219393.83366351
"Lokomotivdepot
area 3",A very nice pine tree was cut down between Mar 2020 and 04.04.2021 and an interesting little pine biotope destroyed,,,,,-1,0,-1,,,,marker,,,2586292.99116147,1219876.65013364
bermenstrasse-area-2,"survey area between ttree/shrub line and edge of road,
03-05-2021",,,,,-1,0,-1,,,,marker,,,2586355.56085201,1219964.33383474
Bermenstrasse-Berm-5,"surveyed between bridge and end of row of five trees, wandered from top to bottom.",,,,,-1,0,-1,,,,marker,,,2586339.08835847,1220059.31537745
bermenstrasse-berm-4,survey area between small conifer and 5 meters before rock circle on map.,,,,,-1,0,-1,,,,marker,,,2586341.67716642,1219964.69939148
"Lindenweg
area 1","survey area between road and train sound barrier.
04-04-2021",,,,,-1,0,-1,,,,marker,"<div><div><span>Zeichnung &nbsp;</span>(04-04
Lindenweg)</div><div></div></div>",KML||https://public.geo.admin.ch/56a59BHVTviHH1bu7uHxFg,2586321.74210611,1220235.56803452
Blumenrain-Berm-1,"surveyed the entire berm area between until the road curves away.
05-04-2021",,,,,-1,0,-1,,,,marker,,,2586263.23987099,1220245.28686342
Blumenrain-Box-1,"05-04, 03-07
",,,,,-1,0,-1,,,,marker,,,2586226.46347776,1220208.10644541
Rebenweg-Area-1,"survey area between bermenstrasse and rebenweg until building.
04-04-2021
03-05-2021
03-07-2021",,,,,-1,0,-1,,,,,,,2586355.16592141,1220089.18438522
"Portplatz
Box 1","survey area is the center of the roundabout.
05-04-2021
19-05-2021",,,,,-1,0,-1,,,,marker,,,2586314.11215575,1219626.45740361
Brueggstrasse-berm-2,"surveyed area from tree/shrub line until 4th municipal tree
04-04-2021
19-05-2021
Survey area: extended from the treeline to the Forsythia x intermedia, just after the start of the second property, and between the highway and the fence.
Survey area is ve",,,,,-1,0,-1,,,,marker,,,2586346.9028475,1219644.91453035
Brueggstrasse-Box-1,03-04-2021,,,,,-1,0,-1,,,,marker,,,2586249.40174359,1219696.8700323
Bermenstrasse-Berm-1,"surveyed area immediately around path, in flat ground at bottom, avoided stepping on delicate terrain, plants largely visible.
22-05-2021",,,,,-1,0,-1,,,,marker,"<div><div><span>Zeichnung &nbsp;</span>(Bermenstrasse
Berm 1)</div><div>surveyed area immediately around path, in flat ground at bottom, avoided stepping on delicate terrain, plants largely visible.</div></div>",KML||https://public.geo.admin.ch/Kyc8bpb7S3qy_BBTHcBgzQ,2586406.57722575,1219647.36752112
Brueggstrasse-Box-2,03-04-2021,,,,,-1,0,-1,,,,marker,,,2586192.15716483,1219747.03209491
Bermenstrasse-Berm-3,Surveyed berm opposite the plots of land between the two streets.,,,,,-1,0,-1,,,,marker,,,2586337.45796071,1219846.08532703
"Portstrasse
Area 2","survey area between sidewalk and fence, bounded by sidewalk to the same first tree in area 1
03-05-2021",,,,,-1,0,-1,,,,marker,,,2586350.47832807,1219570.00768001
erlacherweg-park-5,22-05-20221,,,,,-1,0,-1,,,,marker,,,2586339.88172204,1219351.239785
Mooswaeldli-Area-2,"survey area between trees and sidewalk, on left side of path leading out of forest, extending left about 3 meters.
25-03-2021",,,,,-1,0,-1,,,,marker,,,2586365.87721462,1219107.15088695
Mooswaeldi-area-1,"10 meters from end of slop toward biel, between bike path and highway
25-03-2021
22-05-2021",,,,,-1,0,-1,,,,marker,,,2586366.07457049,1219126.93956336
"Portplatz
Box 3","survey area is between moosweg and portstrasse until shed/stairs.
05-04-2021",,,,,-1,0,-1,,,,marker,,,2586344.4915989,1219606.15336808
"Portstrasse
Area 1","survey area between road and sidewalk, bounded by shrub, down to first tree.
03-05-2021",,,,,-1,0,-1,,,,marker,,,2586343.26519788,1219567.91199769
"Portplatz
Box 2","survey area is this bit of grass and shrubbery planted in between the road.
05-04-2021
19-05-2021",,,,,-1,0,-1,,,,marker,,,2586328.87605865,1219612.63757475
Brueggstrasse-Area-1,05-04-2021,,,,,-1,0,-1,,,,marker,,,2586081.26464633,1219859.13399238
Lokomotivdepot-area-1,04-04-21,,,,,-1,0,-1,,,,marker,,,2586189.87648802,1219907.68538381
Lokomotivdepot-area-2,04-04-2021,,,,,-1,0,-1,,,,marker,,,2586168.2760776,1219917.63041642
Lokomotivdepot-berm-2,"26-03-2021
survey area includes about 5 meters of hedgerow and undergrowth on the right, about 5 meters on the left and about 5 meters into the train tracks.
26-03-2021",,,,,-1,0,-1,,,,marker,"<div><div><span>Zeichnung &nbsp;</span>(Lokomotivdepot
berm 2)</div><div>26-03-2021
survey area includes about 5 meters of hedgerow and undergrowth on the right, about 5 meters on the left and about 5 meters into the train tracks.
26-03-2021</div></div>",KML||https://public.geo.admin.ch/7erVQ2UGSKmRi0t2CVQHow,2586056.04546535,1219923.97508371
Lokomotivdepot-berm-1,"the entirety of the berm area on this side of the road
04-04-2021
23-05-2021",,,,,-1,0,-1,,,,marker,,,2586028.41232535,1219936.636398
Blumenrain-Area-1,04-04-2021,,,,,-1,0,-1,,,,marker,,,2586142.54097748,1220203.07715687
"Madretschstrasse
Box 8","survey area is the 1st planted area by the bus stop.
05-04-2021",,,,,-1,0,-1,,,,marker,,,2586029.57198257,1220331.41658597
Alleestrasse-Area-1,,,,,,-1,0,-1,,,,marker,,,2586034.9813014,1220373.20568934
Erlacherweg-park-1,"shrubby area surrounded by concrete/gravel
12-04-2021",,,,,-1,0,-1,,,,marker,,,2586106.96403241,1219720.66065416
Brueggstrasse-Box-3,03-04-2021,,,,,-1,0,-1,,,,marker,,,2586176.6317983,1219759.40877147
Brueggstrasse-Box-4,03-04-2021,,,,,-1,0,-1,,,,marker,,,2586160.42935228,1219774.23292361
Erlacherweg-park-2,"shrubby area surrounded by concrete/gravel
11-04-2021",,,,,-1,0,-1,,,,marker,,,2586120.24284337,1219720.96302
Reckweg-Zihlkanal-2,"Survey area is the first three beaches/berm after heidweg meets ruckweg
25-03-2021",,,,,-1,0,-1,,,,marker,,,2586047.68191294,1219034.62822734
Reckweg-Forest -1,"Survey area was clearing from the trees (pine trees in swisstopo map all cut done)
25-03-2021",,,,,-1,0,-1,,,,marker,,,2586091.36356179,1218926.12991201
"Reckweg
Zihlkanal 1","Survey area is bank of canal and roadside about 7 meters long 4 meters wide, see photos for clarifications
25-03-2021",,,,,-1,0,-1,,,,marker,,,2586029.38089701,1219061.24219673
Reckweg-Forest-2,"survey area is forest area between sidewalk, heidweg and fence, about 5 meters along path.
25-03-2021",,,,,-1,0,-1,,,,marker,,,2586052.96029428,1219052.62611898
Reckweg-Zihlkanal-3,,,,,,-1,0,-1,,,,marker,,,2586065.11853472,1218995.34241475
Erlacherweg-park-3,"survey is the shrubby area
11-04-2021
29-03-2021",,,,,-1,0,-1,,,,marker,,,2586087.43510569,1219676.01416799
Erlacherweg-park-4,"grassy, mowed area, includes areas under the trees
11-04-2021
29-03-2021",,,,,-1,0,-1,,,,marker,,,2586102.4996104,1219693.54442705
Schwanengasse-area-4,"09-04, 10-03
",,,,,-1,0,-1,,,,marker,,,2585934.7322688,1220775.78634209
Schwanengasse-Madretchkanal-1,"survey area bounded by bridge, sidewalk and river, extending about 45 meters from bridge.
10-04-2021
07-05-2021",,,,,-1,0,-1,,,,marker,,,2585932.97531493,1220875.98170366
holunderweg-madretschkanal-5,"survey area is the last bit of fence bounded by the fence on two sides, madretschkanal and extending about 20 meters out.
12-05-2021
16-04-2021
20-03-2021",,,,,-1,0,-1,,,,marker,,,2586006.90758333,1220981.4007231
Bahnweg-Area-2,"survey area is right side of path from the last building until the end of the road.
10-04-2021",,,,,-1,0,-1,,,,marker,,,2585940.43488296,1220398.11046716
Bahnweg-Madretschkanal-6,"Forest area after end of Bahnweg, bounded by Madretschkanal 5, the fence, and the Madretschkanal.
08-03-2021
06-04-2021
22-05-2021",,,,,-1,0,-1,,,,marker,,,2585918.78858399,1220419.72992711
Alleestrasse-Madretschkanal-4,"10.04.2021, survey area is little forest patch between roads and madretschkanal
",,,,,-1,0,-1,,,,marker,,,2585928.53799697,1220531.66018647
Alleestrasse-Madretschkanal-1,"survey area from bridge to bend in river, including the grass area sticking out adjascent to bridge.
04-04-2021
07-05-2021",,,,,-1,0,-1,,,,marker,,,2585905.16483879,1220560.62137606
Schwanengasse-Area-3,"survey area is hill and flat area extending about half meter out
09-04-2021
07-05-2021",,,,,-1,0,-1,,,,marker,,,2585919.39869522,1220708.00588569
Schwanengasse-area-1,"survea area is difficult to describe
09-04-2021
07-05-2021",,,,,-1,0,-1,,,,marker,,,2585917.62103196,1220726.08721668
Schwanengasse-area-2,"survey area is difficult to describe
09-04-2021
07-05-2021",,,,,-1,0,-1,,,,marker,,,2585943.65303153,1220730.85032754
"Madretschstrasse
Box 1","survey area is planted area (separate from tree line)
04-04-2021",,,,,-1,0,-1,,,,marker,,,2585997.7287682,1220340.27469014
"Madretschstrasse
Box 2","survey area is 1st planted area by bus stop
04-04-2021",,,,,-1,0,-1,,,,marker,,,2586007.19210678,1220331.80299054
Madretschstrasse-Box-6,"Survey area is planted area around tree.
04-04-2021",,,,,-1,0,-1,,,,marker,,,2585930.76507225,1220223.9219331
"Madretschstrasse
Box 3","survey area is 2nd planted area by bus stop
04-04-2021",,,,,-1,0,-1,,,,marker,,,2586018.0791283,1220347.89765864
Madretschstrasse-Box-5,"Survey area is planted area around tree.
04-04-2021",,,,,-1,0,-1,,,,marker,"<div><div><span>Zeichnung &nbsp;</span>(04-04
Madretschstrasse
Box 5)</div><div></div></div>",KML||https://public.geo.admin.ch/56a59BHVTviHH1bu7uHxFg,2585938.59031035,1220228.46151571
"Madretschstrasse
Box 4","Survey area is planted area around tree.
04-04-2021",,,,,-1,0,-1,,,,marker,,,2585944.67189474,1220233.56112565
"Madretschstrasse
Box 7","survey area is the 1st planted area by the bus stop.
05-04-2021",,,,,-1,0,-1,,,,marker,,,2586014.04998891,1220312.33112046
Bahnweg-Area-1,"Surveyed the right side of the sidewalk, bounded by the fence, the road, the parking lot on three sides. Survey length about 30 meters.
10-04-2021",,,,,-1,0,-1,,,,marker,,,2585983.89021937,1220359.31840992
Alleestrasse-Madretschkanal-2,"survey area from bend in river to concrete, between river and sidewalk.
04-04-2021
07-05-2021",,,,,-1,0,-1,,,,marker,,,2585890.16338816,1220600.6802173
Alleestrasse-Madretschkanal-3,"survey area between river, bridge and road.
04-04-2021
07-05-2021",,,,,-1,0,-1,,,,marker,,,2585886.67285624,1220632.15113954
"Silbergasse
Area 1","survey area is the less-mowed hills left in the mowed grass area.
12-04-2021",,,,,-1,0,-1,,,,marker,,,2585793.4838882,1220651.71862736
Salomegasse-Madretschkanal-1,,,,,,-1,0,-1,,,,marker,,,2585882.3767834,1220707.53822133
Salomegasse-Madretschkanal-2,,,,,,-1,0,-1,,,,marker,,,2585889.27831781,1220738.53966359
Schwanengasse-Madretschkanal-2,"survey area from first tree to third tree
10-04-2021
07-05-2021",,,,,-1,0,-1,,,,marker,,,2585900.97687747,1220745.18229521
Freiburgstrasse-Box-2,04-04-2021,,,,,-1,0,-1,,,,marker,,,2585680.5684592,1220231.19254313
Schneidergaessli-Area-1,"05-04-21, 27-06-21
",,,,,-1,0,-1,,,,marker,,,2585641.7502379,1220242.07058488
Bahnweg-madretschkanal-1,"survey area is wild grass area enclosed by the path, the mowed grass boundary.
08-03-2021
06-04-2021
22-05-2021
01-02-2021",,,,,-1,0,-1,,,,,,,2585843.29719666,1220354.31667092
Freiburgstrasse-Box-1,04-04-2021,,,,,-1,0,-1,,,,marker,,,2585710.29053715,1220255.02336725
Bahnweg-Madretschkanal-2,"survey area was entire forest area between river - path, path - fence
06-04-2021
08-03-2021
22-05-2021
01-02-2021",,,,,-1,0,-1,,,,,,,2585837.77411723,1220360.66687246
Bahnweg-Madretschkanal-4,"entire forest area between path and 5 meters after the bulge on this side of the river.
08-03-2021
06-04-2021
22-05-2021
01-02-2021
",,,,,-1,0,-1,,,,marker,,,2585859.22924616,1220386.07468706
Bahnweg-Madretschkanal-5,"forest area between end of Madretschkanal 4 and start of planted area at the end of Bahnweg.
08-03-2021
06-04-2021
22-05-2021
01-02-2021
",,,,,-1,0,-1,,,,,,,2585884.59632228,1220397.68752141
Bahnweg-Madretschkanal-3,"survey area is wild grass area enclosed by the path.
08-03-2021
06-04-2021
22-05-2021
01-02-2021
",,,,,-1,0,-1,,,,marker,,,2585875.45819363,1220383.36772402
Zukunftstrasse-Box-5,,,,,,-1,0,-1,,,,marker,,,2585632.74797118,1220159.0445769
Freiburgstrasse-Box-5,04-04-2021,,,,,-1,0,-1,,,,marker,,,2585624.99045476,1220182.52137409
Zukunftstrasse-Box-7,,,,,,-1,0,-1,,,,marker,,,2585616.23476871,1220169.86867767
Zukunftstrasse-Box-6,,,,,,-1,0,-1,,,,marker,,,2585625.5633811,1220168.51191132
Zukunftstrasse-Box-8,,,,,,-1,0,-1,,,,marker,,,2585599.74624186,1220190.80970529
Zentralastrasse-Madretschkanal-1,"09-04, 09-03, survey area from access point to first perpindicular road
",,,,,-1,0,-1,,,,marker,,,2585732.10056786,1220222.7077089
Freiburgstrasse-Box-4,04-04-2021,,,,,-1,0,-1,,,,marker,,,2585650.39740307,1220210.03116092
Freiburgstrasse-Box-3,04-04-2021,,,,,-1,0,-1,,,,marker,,,2585663.54980331,1220221.22797882
"Zukunftstrasse
Box 12",05-04-2021,,,,,-1,0,-1,,,,marker,,,2585583.06759911,1220227.09341782
Zukunfstrasse-Box-13,06-04,,,,,-1,0,-1,,,,marker,,,2585530.28270697,1220297.15142888
Kongresshaus-Box-1,06-04-2021,,,,,-1,0,-1,,,,marker,,,2585503.7382544,1220393.8276453
Zukunfstrasse-Box-14,06-04,,,,,-1,0,-1,,,,marker,,,2585520.75309888,1220309.29283195
Kongresshaus-Box-2,06-04-2021,,,,,-1,0,-1,,,,marker,,,2585532.23007818,1220410.99008724
"Unterer quai
park 1","surveyed the three unmowed circles (did not enter, did best to identify from distance)",,,,,-1,0,-1,,,,marker,,,2585033.94804247,1220539.62477383
,,,,,,-1,0,-1,,,,marker,,,2579590.04494822,1246307.02929175
"Gewerberhofstrasse
Box 3",05-04-2021,,,,,-1,0,-1,,,,marker,,,2585540.66047074,1220197.40192152
Bundes-Komm-Box-6,05-04-2021,,,,,-1,0,-1,,,,marker,,,2585531.33708654,1220200.87113687
Zukunftstrasse-Box-9,,,,,,-1,0,-1,,,,marker,,,2585592.03797191,1220203.280085
"Gewerberhofstrasse
Box 2",05-04-2021,,,,,-1,0,-1,,,,marker,,,2585557.38298197,1220210.25741174
Zukunftstrasse-Box-10,,,,,,-1,0,-1,,,,marker,,,2585583.63744308,1220211.86103001
"Gewerberhofstrasse
Box 1",05-04-2021,,,,,-1,0,-1,,,,marker,,,2585569.84732353,1220219.23219832
"Zukunfstrasse
Box 11",05-04-2021,,,,,-1,0,-1,,,,marker,,,2585588.58971978,1220220.40945798
Bundes-Komm-Box-1,05-04-2021 MISSING,,,,,-1,0,-1,,,,marker,,,2585565.54182228,1220227.02496011
Gewerberhofstrasse-Box-6,05-04-2021,,,,,-1,0,-1,,,,marker,,,2585512.382739,1220175.1248623
Gewerberhofstrasse-Box-7,05-04-2021,,,,,-1,0,-1,,,,marker,,,2585495.36146064,1220164.27138432
Gewerberhofstrasse-Box-5,05-04-2021,,,,,-1,0,-1,,,,marker,,,2585518.54088474,1220180.33502477
Bundes-Komm-Box-2,05-04-2021 MISSING,,,,,-1,0,-1,,,,marker,,,2585488.69563741,1220168.62355541
Bundes-Komm-Box-3,05-04-2021,,,,,-1,0,-1,,,,marker,,,2585498.27334873,1220176.04881735
Bundes-Komm-Box-4,05-04-2021,,,,,-1,0,-1,,,,marker,,,2585508.83759944,1220183.58285441
"Gewerberhofstrasse
Box 4",05-04-2021,,,,,-1,0,-1,,,,marker,,,2585527.35876756,1220187.31749205
Bundes-Komm-Box-5,05-04-2021,,,,,-1,0,-1,,,,marker,,,2585518.33993713,1220191.23068367
Brueggstrasse-Box-5,,,,,,-1,0,-1,,,,marker,"<div><div><span>Zeichnung &nbsp;</span>(05-04
BrÃ¼ggstrasse
Box 11)</div><div></div></div>",KML||https://public.geo.admin.ch/56a59BHVTviHH1bu7uHxFg,2585843.25853067,1220147.86446123
Friedweg-Area-1,,,,,,-1,0,-1,,,,marker,"<div><div><span>Zeichnung &nbsp;</span>(04-04
Friedweg
Area 1)</div><div></div></div>",KML||https://public.geo.admin.ch/56a59BHVTviHH1bu7uHxFg,2586021.48243561,1220150.66487026
Brueggstrasse-Berm-1,"surveyed only 2 meters deep from sidewalk.
03-04-21",,,,,-1,0,-1,,,,marker,,,2586000.65446016,1219909.35292459
Schmiedweg-Berm-1,"surveyed to the little building on the left and equivalent distance to the right
11-04-2021",,,,,-1,0,-1,,,,marker,,,2585854.98637716,1219944.05240745
Brueggstrasse-area-2,"survey area is tree covered area between road and parking lot, 07-05-2021, 28-03-21
",,,,,-1,0,-1,,,,marker,,,2585948.77861011,1219982.07320967
Brueggstrasse-area-4,"04-04-2021, formerly brueggstrasse box 5,6",,,,,-1,0,-1,,,,marker,,,2585884.67735412,1220065.87391601
muehlefeldweg-park-1,"26.03.21, surveyed the flowers in the park
",,,,,-1,0,-1,,,,marker,,,2585969.34167217,1219886.85853752
Alexander-Moser-Strasse-box-1,11-04-2021,,,,,-1,0,-1,,,,marker,,,2585823.79680663,1219593.03617654
Alexander-Moser-Strasse-box-3,11-04-2021,,,,,-1,0,-1,,,,marker,,,2585812.58287044,1219599.62237341
Alexander-Moser-Strasse-box-2,11-04-2021,,,,,-1,0,-1,,,,marker,,,2585817.58216114,1219596.05279087
Erlacherweg-area-1,"11-04-2021
29-03-2021",,,,,-1,0,-1,,,,marker,,,2586014.6318231,1219820.15746212
Brueggstrasse-box-6,"surveyed lavender box (?) with tree
29-03-2021",,,,,-1,0,-1,,,,marker,,,2585982.2805223,1219903.94883899
muehlefeldweg-berm-1,"26-03-2021, 24-05-2021, survey area is first bit of berm including and behind trees.
",,,,,-1,0,-1,,,,marker,"<div><div><span>Zeichnung &nbsp;</span>(muehlefeldweg
berm 2)</div><div>26-03-2021</div></div>",KML||https://public.geo.admin.ch/7erVQ2UGSKmRi0t2CVQHow,2585955.96028689,1219907.12414429
Freiburgstrasse-Box-7,04-04-2021,,,,,-1,0,-1,,,,marker,,,2585535.24161043,1220122.14957313
Alfred-aebi-strasse-area-8,,,,,,-1,0,-1,,,,marker,,,2585784.71273178,1220136.33140915
Freiburgstrasse-Box-6,04-04-2021,,,,,-1,0,-1,,,,marker,,,2585564.43047801,1220144.64686695
Zukunftstrasse-Box-4,,,,,,-1,0,-1,,,,marker,,,2585639.78381348,1220150.8005391
Gewerberhofstrasse-Box-8,05-04-2021,,,,,-1,0,-1,,,,marker,,,2585481.98564658,1220154.96546445
Freiburgstrasse-Madretschkanal-1,"survey area includes both sides of the river, up to the parking lot on the berm facing the river, up to the first tree in the parking lot.09-03-2021, 04-04-2021, 07-05-2021",,,,,-1,0,-1,,,,,,,2585504.45644214,1220067.52671315
Zukunftstrasse-Box-2,,,,,,-1,0,-1,,,,marker,,,2585664.86082772,1220104.71323139
Freiburgstrasse-Box-8,04-04-2021,,,,,-1,0,-1,,,,marker,,,2585506.97901911,1220106.20948911
Zukunftstrasse-Box-3,,,,,,-1,0,-1,,,,marker,,,2585660.2486777,1220111.28373836
Zunkunftstrasse-Box-1,Viburnum ferrari,,,,,-1,0,-1,,,,marker,"<div><div><span>Zeichnung &nbsp;</span>(03-04
Zunkunftstrasse
Box 1)</div><div>Viburnum ferrari</div></div>",KML||https://public.geo.admin.ch/56a59BHVTviHH1bu7uHxFg,2585671.85193015,1220096.74727894
Zukunftstrasse-Madretschkanal-1,"surveyed both sides of the river, including the shrubs on the back end.
28-03-2021",,,,,-1,0,-1,,,,marker,,,2585666.64723354,1220090.4784857
Alfred-aebi-strasse-area-7,,,,,,-1,0,-1,,,,marker,,,2585753.59087217,1220120.50819848
Muehlefeldweg-area-1,"survey area is area immediately from the start of muehlefeld weg on the rail road tracks side of the road until mÃ¼hlefeldweg joins the railroad berm.
28-03-2021",,,,,-1,0,-1,,,,marker,,,2585551.29680525,1219954.79177074
Muehlefeldweg-Berm-2,Survey area entirety of berm easily visible from sidewalk from area 2 until park 1.,,,,,-1,0,-1,,,,marker,,,2585706.79292684,1219906.27538966
Muehlefeldweg-Berm-3,24-03-2021,,,,,-1,0,-1,,,,marker,,,2585634.84239955,1219927.90638155
Alfred-Aebi-Strasse-area-1,"surveyed the steep area between the sidewalk and, the railroad bridge and the path to the residents.
11-04-2021
07-05-2021",,,,,-1,0,-1,,,,marker,,,2585527.53079599,1219978.41896142
"Murtenstrasse
Madretschkanal 1",01-04-2021,,,,,-1,0,-1,,,,marker,,,2585472.12682706,1220002.12381965
Alfred-aebi-strasse-area-6,"survey area is the little bit of non concrete area between the train tracks and the building.
28-03-2021
12-04-2021",,,,,-1,0,-1,,,,marker,,,2585571.08221514,1220009.99754213
Keltenstrasse-Berm-2,"surveyed up the unwmowed area up to the pine tree and the line perpinduclar to the railroad tracks
11-04-2021",,,,,-1,0,-1,,,,marker,,,2585404.02524906,1219768.49010387
"Murtenstrasse
Berm 2",01-04-2021,,,,,-1,0,-1,,,,marker,,,2585452.88923693,1220015.84561126
Alfred-Aebi-Strasse-area-9,"semi-planted area between sidewalk and parking lot.
11-04-2021",,,,,-1,0,-1,,,,marker,,,2585399.52984587,1219883.90094285
Alfred-Aebi-Strasse-Area-3,"surveyed the plants growing in the soil/accumulation of organic material between the trees separating the parking lot from the next lot..
11-04-2021",,,,,-1,0,-1,,,,marker,,,2585384.63404788,1219904.61627554
Alfred-Aebi-strasse-area-4,"surveyed the empty lot bounded by the unused building, the fence, madretschkanal
31-03-2021",,,,,-1,0,-1,,,,marker,,,2585428.14489125,1219919.18411487
,,,,,,-1,0,-1,,,,marker,,,2585000.12636745,1220000.18816303
Alfred-Aebi-Strasse-Area-2,"surveyed the plants growing in the soil/accumulation of organic material between the wall and the parking lot.
11-04-2021",,,,,-1,0,-1,,,,marker,,,2585380.86524351,1219883.94701111
"Murtenstrasse
Berm 1",01-04-2021,,,,,-1,0,-1,,,,marker,,,2585415.60003301,1220031.83542049
dr-schneider-strasse-area-1,31-03-2021,,,,,-1,0,-1,,,,marker,,,2584782.71269682,1219691.54275038
Grenzstrasse-Park-1,"survey area is the unmowed areas underneath the trees
11-04-2021",,,,,-1,0,-1,,,,marker,,,2585413.98607957,1219746.34170902
Keltenstrasse-Berm-1,"both sides of keltenstrasse, diversity located on right side of the road.
11-04-2021
24-05-2021",,,,,-1,0,-1,,,,marker,,,2585381.6307571,1219733.08051614
Flaesserweg-lot-3,"31-03-2021, was flaesserweg-area-1, no data",,,,,-1,0,-1,,,,marker,,,2584781.69795499,1219736.59350987
Schloss-Nidau-Area-2,03-04,,,,,-1,0,-1,,,,marker,,,2584965.75272044,1219699.88017396
Erlenweg-forest-1,"survey between the left side (facing lac de bienne) of the river and the edge of the mowed area.
31-03-2021",,,,,-1,0,-1,,,,marker,,,2584356.79204678,1219532.80516491
Erlenweg-lake-1,"surveyed the right side of the cove, between the water and the wall.
31-03-2021",,,,,-1,0,-1,,,,marker,,,2584334.61960178,1219561.08001763
Schloss-Nidau-Area-6,,,,,,-1,0,-1,,,,marker,,,2584850.57523533,1219611.34488788
Schloss-Nidau-Area-5,,,,,,-1,0,-1,,,,marker,,,2584906.99455422,1219598.5268309
Schloss-Nidau-Area-4,,,,,,-1,0,-1,,,,marker,,,2584928.28059163,1219614.48181412
Schloss-Nidau-Area-3,,,,,,-1,0,-1,,,,marker,,,2584949.35019327,1219634.88442696
Schloss-Nidau-Area 7,,,,,,-1,0,-1,,,,marker,,,2584873.03644077,1219641.74942749
Schloss-Nidau-Area-1,03-04,,,,,-1,0,-1,,,,marker,,,2584894.56862351,1219694.72496665
vorhoelzli-forest-5,"28-02-2021, 12-03-2021, surveyed from forest edge to the edge of the trail on the left side of the path, also surveyed first 15 meters of road leading down.
",,,,,-1,0,-1,,,,,,,2588595.93510588,1221747.75374476
vorhoelzli-forest-6,"28-02-2021, surveyed forest edge and field along path",,,,,-1,0,-1,,,,,,,2588695.31067799,1222686.33999893
griendamm-forest-1,19-02 surveyed forest path and field/forest boundary,,,,,-1,0,-1,,,,,,,2591562.38338112,1220513.50470862
underwald-forest-1,"19-02, Tussilago farfara L.
Several masses of flowers, around 40 buds total on each side of the path here. 30% or so in flower.
Helleborous Foetidous
Lots of flowering HF in about a 150 meter radius of this spot, which itself contains a huge patch of HF",,,,,-1,0,-1,,,,,,,2592084.5700796,1219917.54980827
underwald-forest-2,"19-02, Large patch of Galanthus Nivalis, about 12 square meters in all. There was a bee feeding on the flowers. veronica persica on the outside of the forest",,,,,-1,0,-1,,,,,,,2592321.99419791,1219711.92911964
hoell-alte-aare,19-02 surveyed the perimeter of a field in the middle of the nature reserve,,,,,-1,0,-1,,,,,,,2592289.93744832,1221428.33552573
vinelz-lake-1,"25-02-202, survey area is a few meters to each side of the path. Bellis perennis in the grass, tussilago farfara on the lakeshore side.",,,,,-1,0,-1,,,,,,,2574845.30827587,1209782.59207934
schalterrain-forest-3,"25-02-2021, surveyed end of forest, beginning of field after path, tussilago farfara visible somewhat outside the survey range",,,,,-1,0,-1,,,,,,,2575481.23350433,1208593.73557266
schalterrain-forest-2,"25-02-2021 surveyed both sides of path where the forest had been somewhat recently cleared,",,,,,-1,0,-1,,,,,,,2576864.93051614,1208225.2510117
schalterrain-forest-1,"25-02-2021 surveyed the entrance to the forest. large patches of lamium purpureum, galanthus nivalis slightly out of survey area",,,,,-1,0,-1,,,,,,,2577371.25579655,1208038.20899367
ruisseau-de-vaux,15-02-2021 surveyed the hil,,,,,-1,0,-1,,,,,,,2572944.65639957,1212742.73516192
muelau-forest-1,"17-02-2021, surveyed the forest path until the schütenzhaus, then looped along the path along the aare,",,,,,-1,0,-1,,,,,,,2587372.93548473,1209074.73081443
aarberg-alte-aare-1,"17-02-2021, surveyed area between road and alte-aare branch from baldsteg to holzkraftwerk aarberg",,,,,-1,0,-1,,,,,,,2587520.27096196,1209722.61147617
jaissberg-forest-1,"first flowers encountered were galanthus nivalis near the forest hut, nothing else around.
",,,,,-1,0,-1,,,,,,,2587794.03755918,1217589.99984114
jaissberg-forest-3,"23-02-2021, surveyed from where the stream crosses the path to the end of the forest.",,,,,-1,0,-1,,,,,,,2587504.80501315,1217909.58563396
jaissberg-forest-2,"23-02-2021, surveyed the path between where the bike trail ends and the forest path turns hard left",,,,,-1,0,-1,,,,,,,2587726.14273053,1217838.50419939
"laengholz-forest-10
","23-02-2021, surveyed field/forest edge
",,,,,-1,0,-1,,,,,,,2588375.71050308,1220252.52000317
laengholz-forest-9,"23-02-2021, surveyed both sides of forest path after encountering Chrysoplenium alternum",,,,,-1,0,-1,,,,,,,2588515.5164612,1220149.18744655
au-vernet-suze-1,"surveyed the forest and its surrounding area, main feature is small patches of leocojum verna",,,,,-1,0,-1,,,,,,,2584731.97169762,1226385.28439771
la-heutte-suze-2,"18-02-2021, surveyed between this point and the bridge, corylus avellana, small stellaria media, one patch helleborous foetidus",,,,,-1,0,-1,,,,,,,2584303.45846039,1226415.05638614
frinvilier-ramp-1,"08-02-21
Corylus avellana, only flowers visible were the two helleborous foetidus flowers. Scattered corylus avellana-type trees in flower",,,,,-1,0,-1,,,,,,,2585938.33450415,1224262.35900167
nidau-buren-kanal-1,"04-02 surveyed area between the two bridges and between the river and path.
",,,,,-1,0,-1,,,,,,,2587933.3439723,1218834.25839031
nidau-buren-kanal-2,05-02-2021. surveyed area opposite gardens.,,,,,-1,0,-1,,,,,,,2586479.34204214,1218494.88430631
nidau-buren-kanal-3,"05-02-2021 surveyed area between path and river, specifically this patch of forest and the area immediately around it.",,,,,-1,0,-1,,,,,,,2587090.47023694,1218330.24834598
nidau-buren-kanal-4,"05-02-2021, surveyed area around the path of bare grass between thickets of small trees.
",,,,,-1,0,-1,,,,,,,2586289.3231657,1218568.38551028
obem-fuchsenried-forest-1,"24-02, surveyed path between road and forest road
",,,,,-1,0,-1,,,,,,,2586712.46501444,1222788.67746005
obem-fuchsenried-2,"25-02-2021, surveyed forest patch on both sides of path between the path junctions
",,,,,-1,0,-1,,,,,,,2586434.59622111,1222474.93678914
schneidergaessli-madretschkanal-1,"05-02-2021, surveyed treeline and grassy area
",,,,,-1,0,-1,,,,,,,2585804.41830901,1220346.01607786
buerenstrasse-suze-7,"11-02, 20-03, surveyed area between path, fence and river.
",,,,,-1,0,-1,,,,,,,2587308.65465387,1222060.80164991
buerenstrasse-suze-6,"11-02, 20-03
",,,,,-1,0,-1,,,,,,,2587211.97923239,1222325.71898405
schuessinsel-kanal-7,"24-02-2021, surveyed area between swatch fence and kanal. bounded by bridged on each end.
",,,,,-1,0,-1,,,,,,,2586690.95957278,1221501.94629363
mettmoos-field-1,,,,,,-1,0,-1,,,,,,,2587776.1266126,1220821.656475
"laengholz-forest-11
","12-03-2021, surveyed short distance into the wet forest behind mettmoos
",,,,,-1,0,-1,,,,,,,2587825.94044786,1220738.70592457
neumatt-field-1,12-03-2021,,,,,-1,0,-1,,,,,,,2588706.40250731,1221256.21322738
neumatt-stream-1,12-03-2021,,,,,-1,0,-1,,,,,,,2588670.28260731,1221142.68346508
"neumatt-stream-2
","12-03-2021, area between highway and road on bank of the stream
",,,,,-1,0,-1,,,,,,,2588712.06963006,1220978.620005
laengholz-forest-12,"12-03-202, surveyed forest area on the north side of the path, about 2 meters in.
",,,,,-1,0,-1,,,,,,,2586832.21113426,1220908.97654999
laengholz-forest-13,"12-03-2021, surveyed area before, around and after pond along the path 
",,,,,-1,0,-1,,,,,,,2587144.38463595,1220914.03754667
laengholz-forest-14,"12-03-2021, scattered salix, flowers not yet ready to go on the ranunculus, anemone, but getting there.
",,,,,-1,0,-1,,,,,,,2587579.27475524,1221045.16211208
vorhoelzli-forest-7,"12-03-2021, surveyed area in and around logpile
",,,,,-1,0,-1,,,,,,,2588776.19360908,1221334.3921354
zuerichstrasse-leugene-1,"18-03-2021, surveyed both banks of the leugene between houses and highway
",,,,,-1,0,-1,,,,,,,2589365.30537296,1223485.5718822
bifangmattenweg-leugene-1,,,,,,-1,0,-1,,,,,,,2589501.81716012,1223767.59189011
bifangmattenweg-forest-1,,,,,,-1,0,-1,,,,,,,2589683.94238906,1223827.31690893
nidau-buren-kanal-5,"16-03, surveyed area immediately after rinstrasse/kanalweg junction to about 50 meters along
",,,,,-1,0,-1,,,,,,,2586388.70750382,1218644.01066181
nidau-buren-kanal-6,"16-03, surveyed from the area between the first section of gardens and the river bank.
",,,,,-1,0,-1,,,,,,,2586864.87631771,1218424.48733831
nidau-buren-kanal-7,"16-03-2021, surveyed the area between the path and the river and few meters into the second to last field before the gardens.
",,,,,-1,0,-1,,,,,,,2586605.7904456,1218541.69039093
mandschurei-forest-1,"04-03-2021, surveyed field and forest entrance. Nothing in flower in forest entrance other than corylus avellana and alnus glutinosa, field had some flowers.
",,,,,-1,0,-1,,,,,,,2590446.05814864,1216243.81261173
mandschurei-forest-3,"04-03-2021, surveyed area at entrance to forest, into forest and across bridge into clearing.
",,,,,-1,0,-1,,,,,,,2590292.42097772,1215934.2876312
mandschurei-forest-2,"04-03-2021, surveyed area near galanthus nivalis patch.
",,,,,-1,0,-1,,,,,,,2590302.07640111,1216108.84839955
mueligrien-forest-1,"04-03-2021, surveyed exit of forest path. nothing in forest, flowers in the field area.
",,,,,-1,0,-1,,,,,,,2590163.25129648,1216644.49255525
lyssbach-forest-1,"04-03-2021, surveyed floodplain area
",,,,,-1,0,-1,,,,,,,2590315.11785098,1215334.24444599
lyssbach-forest-2,,,,,,-1,0,-1,,,,,,,2590313.15918872,1215575.29498224
austrasse-forest-1,"05-03-2021, surveyed both sides of road  leading to forest, about 20 meters.
",,,,,-1,0,-1,,,,,,,2585526.33664969,1204123.74682656
austrasse-forest-2,"05-03-2021, surveyed area to the left and right of the path. blankets of scillia bifolia and allium ursinum.
",,,,,-1,0,-1,,,,,,,2585599.70814097,1204308.00242441
austrasse-forest-3,"05-03, surveyed from primula elatior to stream.
",,,,,-1,0,-1,,,,,,,2585674.61055122,1204233.38046574
,,,,,,-1,0,-1,,,,marker,,,2601015.05061894,1197473.08304895
pfeidli-forest-5,"17-03-21, survey area is entirety of forest area between roads and cemetery.
",,,,,-1,0,-1,,,,,,,2587392.49362385,1219157.02637144
mooswaeldli-forest-1,"25-03-21, survey area is first meters into forest, until 10 meters after path turns left
",,,,,-1,0,-1,,,,,,,2586364.06263772,1219086.96570791
mooswaeldli-forest-2,,,,,,-1,0,-1,,,,,,,2586291.26180652,1219113.71581738
mooswaeldli-forest-3,"25-03-2021, survey is clearing and extending 5 meters further out, plus entrance of forest to grassy area.
",,,,,-1,0,-1,,,,,,,2586159.4331383,1219140.60457081
buerenstrasse-suze-8,"20-03, surveyed area between house and road and path, and between path and river
",,,,,-1,0,-1,,,,,,,2587313.30579011,1222171.23345803
buerenstrasse-suze-9,"20-03-21, surveyed grassy triangle area and the area between path and river.
",,,,,-1,0,-1,,,,,,,2587266.55745066,1222284.67745312
scheuessinsel-suze-11,"13-03-2021, surveyed small area between path and the river.",,,,,-1,0,-1,,,,,,,2586790.03002446,1221484.97005753
holunderweg-madretschkanal-8,"14.03.2021, surveyed opposite bank of madretschkanal from a distance.
",,,,,-1,0,-1,,,,,,,2586194.90225769,1221108.79961882
zukunftstrasse-madretschkanal-2,09.03.2021,,,,,-1,0,-1,,,,,,,2585690.23317148,1220102.16150695
Alfred-aebi-strasse-area-5,,,,,,-1,0,-1,,,,,,,2585597.32332877,1220011.99036779
"saint-paulus-weg-area-1
",,,,,,-1,0,-1,,,,,,,2585959.7095681,1220013.15406228
muehlefeldweg-park-2,"28.03.21, surveyed the section park in between the sidewalk
",,,,,-1,0,-1,,,,,,,2586002.34313056,1219863.05562461
muehlefeldweg-berm-4,"28.03, survey area is between railroad tracks, ending track, berm-1,sidewalk
",,,,,-1,0,-1,,,,,,,2585859.35857632,1219903.59645757
laengholz-forest-16,"08-03-2021, surveyed both sides of path  until sharp south turn in cemetery walls.
",,,,,-1,0,-1,,,,,,,2586762.78298751,1219528.38087879
Karl-Neuhaus-Strasse-park-1,"surveyed entire park area, including the mowed area, the tree and shrubby areas on each side of the fence
29-03-2021",,,,,-1,0,-1,,,,marker,,,2585131.92655055,1220880.69718705
"frinvillier-suze-1
","31.05,  surveyed both side of the road between bridge and building.
",,,,,-1,0,-1,,,,,,,2585621.16486667,1224553.61384878
frinvillier-suze-2,"31.05, surveyed right side of suze river along path, included upper forest area through the artificial ponds.
",,,,,-1,0,-1,,,,,,,2585629.28107995,1224639.57780432
taubenloch-suze-1,"02.06.21, surveyed first 15 meters of the empty lot
",,,,,-1,0,-1,,,,,,,2587005.97421051,1222534.36672395
studen-forest-1,28-06-2021,,,,,-1,0,-1,,,,,,,2589482.95607696,1217672.41464733
studen-forest-2,28-06-2021,,,,,-1,0,-1,,,,,,,2589363.56101162,1217995.44567855
murtenstrasse-area-1,29-06-2021,,,,,-1,0,-1,,,,,,,2585397.30186581,1220115.63989762
cdf-forest-1,29-06-2021,,,,,-1,0,-1,,,,,,,2552629.0171279,1217461.54064766
cdf-forest-2,29-06-2021,,,,,-1,0,-1,,,,,,,2552537.03254397,1217468.30051914
cdf-forest-3,29-06-2021,,,,,-1,0,-1,,,,,,,2552597.47106407,1217540.68395567
cdf-sbb-1,06-29-2021,,,,,-1,0,-1,,,,,,,2553402.75303365,1216443.79613504
cdf-sbb-2,,,,,,-1,0,-1,,,,,,,2553396.11343485,1216322.25349563
schuessinsel-suze-12,30-06-2021,,,,,-1,0,-1,,,,,,,2587141.00877333,1221793.07523788
Felseck-forest-1,01-07-2021,,,,,-1,0,-1,,,,,,,2584068.14457418,1220434.33840598
felseck-forest-2,01-07-2021,,,,,-1,0,-1,,,,,,,2583886.37908112,1220368.02502191
schwanengasse-area-5,02-07-2021,,,,,-1,0,-1,,,,,,,2585913.03287552,1220749.02248163
jurastrasse-area-1,03-07-2021,,,,,-1,0,-1,,,,,,,2585559.55691756,1221275.20033159
portrasse-park-1,,,,,,-1,0,-1,,,,,,,2586327.11837308,1219505.41335196
portstrasse-park-2,,,,,,-1,0,-1,,,,,,,2586297.60072859,1219504.87016522
portstrasse-lot-1,,,,,,-1,0,-1,,,,,,,2586591.2954613,1219298.54593631
schwanengasse-area-6,,,,,,-1,0,-1,,,,,,,2585940.6144353,1220754.66017518
portstrasse-lot-2,,,,,,-1,0,-1,,,,,,,2586612.37522304,1219315.41902908
portstrasse-lot-3,,,,,,-1,0,-1,,,,,,,2586567.75040315,1219328.88338879
portstrasse-lot-4,,,,,,-1,0,-1,,,,,,,2586546.29815955,1219301.7387369
seevorstrasse-area-1,,,,,,-1,0,-1,,,,,,,2585147.51019208,1220984.26238362
alfred-aebi-strasse-area-10,,,,,,-1,0,-1,,,,,,,2585467.63393697,1219933.60650024
cygnes-cff-1,,,,,,-1,0,-1,,,,,,,2586049.6776675,1220843.431212
sbb-area-1,,,,,,-1,0,-1,,,,,,,2585061.587962,1220119.73505002
murtenstrasse-area-2,,,,,,-1,0,-1,,,,,,,2585429.91049219,1220152.52528098
bielstrasse-berm-1,,,,,,-1,0,-1,,,,,,,2586471.81434032,1219527.50477574
bermenstrasse-area-3,,,,,,-1,0,-1,,,,,,,2586441.70914811,1219638.05939171
mattenstrasse-berm-4,,,,,,-1,0,-1,,,,,,,2586298.26036072,1220831.56602231
mettstrasse-area-2,,,,,,-1,0,-1,,,,,,,2586406.19133432,1220754.06134049
mettstrasse-area-1,,,,,,-1,0,-1,,,,,,,2586483.49116889,1220789.1823742
sbb-area-3,,,,,,-1,0,-1,,,,,,,2584975.69246678,1220303.79175465
"sbb-area-2
",,,,,,-1,0,-1,,,,,,,2584947.58938512,1220228.50858421
Point 373,,,,,,-1,0,-1,,,,,,,2586302.17798743,1219659.72634685
portstrasse-berm-2,,,,,,-1,0,-1,,,,,,,2586464.8160938,1219244.50270726
portstrasse-berm-1,,,,,,-1,0,-1,,,,,,,2586340.90121376,1219618.67996052
mettmoos-field-2,,,,,,-1,0,-1,,,,,,,2587618.45670801,1220835.69244666
alpenstrasse-lot-1,,,,,,-1,0,-1,,,,,,,2584534.73185127,1220552.23669798
muehlestrasse-suze-2,,,,,,-1,0,-1,,,,,,,2587221.49149243,1221863.27484684
schuessinsel-suze-13,,,,,,-1,0,-1,,,,,,,2587126.70679956,1221728.26882047
dammweg-berm-1,,,,,,-1,0,-1,,,,,,,2584740.82844399,1220594.79342501
murtenstrasse-area-3,,,,,,-1,0,-1,,,,,,,2585429.05380967,1220134.294662
sbb-area-4,,,,,,-1,0,-1,,,,,,,2585346.58861168,1220053.60719726
paulusweg-area-2,,,,,,-1,0,-1,,,,,,,2586088.25492009,1220128.00566685
unterer-quai-suze-1,,,,,,-1,0,-1,,,,,,,2584701.80018612,1220264.47013522
oberer-quai-1,,,,,,-1,0,-1,,,,,,,2585705.8961596,1220876.23683412
sundgraben-beach-1,,,,,,-1,0,-1,,,,,,,2627217.02045922,1170390.17300109
"seefelsweg-berm-1
",,,,,,-1,0,-1,,,,,,,2584638.52057878,1220443.55944975
kreuzplatz-box-1,,,,,,-1,0,-1,,,,,,,2585822.85818207,1220148.2579401
alleestrasse-lot-1,,,,,,-1,0,-1,,,,,,,2585917.02779434,1220655.32556634
paulusweg-area-3,,,,,,-1,0,-1,,,,,,,2585948.71029094,1220029.9898465
laengholz-forest-15,,,,,,-1,0,-1,,,,,,,2588236.50471424,1220841.80130286
flaesserweg-lot-1,,,,,,-1,0,-1,,,,,,,2584711.74531142,1219779.23150708
alfermee-forest-1,,,,,,-1,0,-1,,,,,,,2582470.91243728,1219048.44868783
alfermee-beach-1,,,,,,-1,0,-1,,,,,,,2582494.490094,1218997.28292059
pfeidli-forest-6,,,,,,-1,0,-1,,,,,,,2587570.14760421,1218994.10165416
salzhausstrasse-area-2,,,,,,-1,0,-1,,,,,,,2585349.5943786,1219992.82030452
salzhausstrasse-area-1,,,,,,-1,0,-1,,,,,,,2585286.3881691,1219944.90495218
alexander-moser-strasse-berm-1,,,,,,-1,0,-1,,,,,,,2585422.75168615,1219864.26577148
bernstrasse-area-1,,,,,,-1,0,-1,,,,,,,2585036.22636793,1219667.16067763
mattenstrasse-area-1,,,,,,-1,0,-1,,,,,,,2585815.48977005,1220476.82052258
felseck-forest-4,,,,,,-1,0,-1,,,,,,,2583836.07232764,1220284.82513471
felseck-forest-3,,,,,,-1,0,-1,,,,,,,2583873.38421449,1220312.71733868
cdf-sbb-3,,,,,,-1,0,-1,,,,,,,2553137.93764285,1216395.25933835
nidau-lot-1,,,,,,-1,0,-1,,,,,,,2585066.43617221,1219256.52612444
jaissberg-forest-4,,,,,,-1,0,-1,,,,,,,2588256.12561284,1218310.88738328
fallbringenhof-forest-1,,,,,,-1,0,-1,,,,,,,2585829.20003431,1222361.83410614
magglingen-forest-2,,,,,,-1,0,-1,,,,,,,2582584.19439519,1221652.9978039
magglingen-forest-1,,,,,,-1,0,-1,,,,,,,2582313.19766455,1221292.92481123
gartenstrasse-area-1,,,,,,-1,0,-1,,,,,,,2585682.01940773,1220586.3049197
cdf-sbb-4,,,,,,-1,0,-1,,,,,,,2553050.62620259,1216308.56300218
salzhausstrasse-madretschkanal-1,,,,,,-1,0,-1,,,,,,,2585132.00952817,1219762.95238334
"orvin-forest-1
",,,,,,-1,0,-1,,,,,,,2579481.88068351,1221950.3088518
orvin-field-1,,,,,,-1,0,-1,,,,,,,2580575.51929517,1222744.43220985
cdf-forest-5,,,,,,-1,0,-1,,,,,,,2554488.22313148,1215740.84919309
cdf-forest-4,,,,,,-1,0,-1,,,,,,,2554490.64856954,1215891.9981247
flaesserweg-lot-2,,,,,,-1,0,-1,,,,,,,2584643.85443368,1219683.21849664
untererquai-suze-2,,,,,,-1,0,-1,,,,,,,2584928.70414752,1220400.72260055
untererquai-suze-3,,,,,,-1,0,-1,,,,,,,2585012.25391208,1220447.97118407
untererquai-suze-4,,,,,,-1,0,-1,,,,,,,2584899.29412193,1220381.20847237
"jurastrasse-park-1
",,,,,,-1,0,-1,,,,,,,2585662.71528304,1221398.5543366
waffengasse-area-1,,,,,,-1,0,-1,,,,,,,2585259.21300596,1220527.66401811
fontenalstrasse-area-1,,,,,,-1,0,-1,,,,,,,2586564.6362289,1221999.82004056
pery-forest-1,,,,,,-1,0,-1,,,,,,,2585696.83684963,1226616.62069329
cdf-sbb-6,,,,,,-1,0,-1,,,,,,,2553428.35299488,1216270.30329253
cdf-forest-6,,,,,,-1,0,-1,,,,,,,2554024.48895857,1215628.81637887
holunderweg-madretschkanal-6,,,,,,-1,0,-1,,,,,,,2586153.78617718,1221033.60775353
schmiedweg-box-2,,,,,,-1,0,-1,,,,,,,2585897.21927277,1219992.86866411
schmiedweg-box-1,,,,,,-1,0,-1,,,,,,,2585879.74441089,1219985.80624303
cygnes-cff-2,,,,,,-1,0,-1,,,,,,,2586008.91895936,1220834.29989963
cdf-sbb-5,,,,,,-1,0,-1,,,,,,,2553342.84896686,1216517.94341043
bermenstrasse-area-4,,,,,,-1,0,-1,,,,,,,2586403.54907597,1219689.98786275
muehlestrasse-berm-2,,,,,,-1,0,-1,,,,,,,2587316.87135482,1221492.75519589
schmiedweg-lot-1,,,,,,-1,0,-1,,,,,,,2585806.46431285,1220031.84127573
holunderweg-madretschkanal-7,,,,,,-1,0,-1,,,,,,,2585966.50406526,1220926.55356419
buttenbergstrasse-park-1,,,,,,-1,0,-1,,,,,,,2588290.76798923,1221734.09783358
vorhoelzli-forest-8,,,,,,-1,0,-1,,,,,,,2589488.15291281,1223319.88898912
vorhoelzli-forest-9,,,,,,-1,0,-1,,,,,,,2589556.58748984,1223375.11083765
freiburgstrasse-berm-2,,,,,,-1,0,-1,,,,,,,2585457.48177163,1220084.72956463
freiburgstrasse-berm-1,,,,,,-1,0,-1,,,,,,,2585473.06147057,1220089.26060477
Fallbringenhof-forest-2,,,,,,-1,0,-1,,,,,,,2586063.22450686,1222355.95281009
brueggstrasse-area-3,"formerly box brueggstrasse box 7-10
",,,,,-1,0,-1,,,,,,,2586034.10677145,1219848.32770369
